09:20:07.248 [main] DEBUG c.b.config.BrowserStackConfig - Cli Config passed - {}
09:20:07.780 [main] DEBUG c.b.logger.BrowserstackLoggerFactory - Log Level set to TRACE for logger com.browserstack
09:20:07.781 [main] DEBUG c.b.logger.BrowserstackLoggerFactory - Log Level set to INFO for logger stdoutPrinter
09:20:08.008 [main] DEBUG c.b.utils.FrameworkDetectionUtils - Java command - com.intellij.rt.testng.RemoteTestNGStarter -usedefaultlisteners false -socket50088 @w@C:\Users\DANIEL~1\AppData\Local\Temp\idea_working_dirs_testng1.tmp -temp C:\Users\DANIEL~1\AppData\Local\Temp\idea_testng1.tmp
09:20:08.008 [main] DEBUG c.b.utils.FrameworkDetectionUtils - Test classes detected: 
09:20:08.016 [main] DEBUG c.b.utils.FrameworkDetectionUtils - Runner: testng, Engine: none
09:20:08.047 [main] DEBUG c.b.utils.FrameworkDetectionUtils - Runner: testng, Engine: none from dependencies
09:20:08.047 [main] DEBUG c.b.utils.FrameworkDetectionUtils - Detected final framework as: testng
09:20:08.047 [main] DEBUG c.browserstack.BrowserStackJavaAgent - JavaAgent Version 1.21.0
09:20:08.052 [main] DEBUG c.b.utils.ExitSignalHandler - Registered handler for INT
09:20:08.052 [main] DEBUG c.b.utils.ExitSignalHandler - Registered handler for TERM
09:20:08.053 [main] DEBUG c.b.utils.ExitSignalHandler - Unable to attach signal handler for HUP Unknown signal: HUP
09:20:08.053 [main] DEBUG c.b.utils.ExitSignalHandler - Registered handler for ABRT
09:20:09.178 [Thread-1] DEBUG c.browserstack.utils.UtilityMethods - NEXT HUBS ARE: ["hub-euw.browserstack.com","hub-use.browserstack.com","hub-aps.browserstack.com"]
09:20:09.871 [main] DEBUG c.browserstack.utils.UtilityMethods - EXECUTION TIME OF hub-euw.browserstack.com HUB IS: 690ms
09:20:11.135 [main] DEBUG c.browserstack.utils.UtilityMethods - EXECUTION TIME OF hub-use.browserstack.com HUB IS: 1255ms
09:20:12.331 [main] DEBUG c.browserstack.utils.UtilityMethods - EXECUTION TIME OF hub-aps.browserstack.com HUB IS: 1193ms
09:20:12.351 [main] DEBUG c.browserstack.utils.UtilityMethods - NEAREST HUB ALLOCATED IS - hub-euw.browserstack.com
09:20:12.381 [main] DEBUG c.b.utils.FunnelInstrumentation - Sending funnel data for SDKTestAttempted with data: {"event_type":"SDKTestAttempted","accessKey":"P3pYBxyo5M83JkXUppxg","userName":"daniel_Yqbm85","event_properties":{"product":"[app-automate, observability]","buildName":"browserstack-build-1","os":"Windows 11","languageVersion":"17.0.9","appiumVersion":"7.5.1","frameworkDetectionInstrumentation":{"parseLoadClass":6,"parseDependencies":31},"language":"java","sdkRunId":"2b2a4bf3-ff70-4aa7-a209-c49c132d4dcb","buildIdentifier":"#1","userFramework":"testng","testhub_uuid":"","detectedAppiumVersion":"null","detectedDependencies":"testng","productMap":{"app_automate":true,"accessibility":false,"automate":false,"percy":false,"observability":true},"referrer":"testng-javaagent\/1.21.0","hostname":"LAPTOP-MCPEJCJM","language_framework":"java_testng","detectedFramework":"testng","detectedSeleniumVersion":"3.141.59","seleniumVersion":"3.141.59"}}
09:20:12.993 [main] DEBUG c.b.utils.FunnelInstrumentation - API Event SDKTestAttempted response - {"message":"SDK Event recorded successfully"}
09:20:16.581 [main] DEBUG c.browserstack.testOps.RequestUtils - [ TESTHUB ] Processing Request Kind launchTestSession
09:20:16.581 [main] DEBUG c.browserstack.testOps.RequestUtils - [requestToTestOps] Sending Observability request: POST api/v2/builds with request size 1169
09:20:17.552 [main] DEBUG c.browserstack.testOps.RequestUtils - requestToTestOps: Response code: 200
09:20:17.554 [main] DEBUG com.browserstack.testOps.Listener - BROWSERSTACK_TESTHUB_UUID : qdh8zaongmopgr6zlm3tljqm0t1cltczmsgdhnqa
09:20:17.554 [main] DEBUG com.browserstack.testOps.Listener - [ TESTHUB ] Build creation successfull
09:20:17.580 [main] DEBUG com.browserstack.LocalFactory - Starting BrowserStack Local with identifier 14_אוק׳_920_LAPTOP_MCPEJCJM_iNgD
09:20:28.204 [Thread-0] DEBUG c.browserstack.BrowserStackJavaAgent - Starting final execution
09:20:28.206 [Thread-0] DEBUG c.b.u.ObservabilityUtilityMethods - Processing batch requests with type: Global
09:20:28.207 [Thread-0] DEBUG c.browserstack.testOps.RequestUtils - [ TESTHUB ] Processing Request Kind stopBuildUpstream
09:20:28.207 [Thread-0] DEBUG c.browserstack.testOps.RequestUtils - [requestToTestOps] Sending Observability request: PUT api/v1/builds/qdh8zaongmopgr6zlm3tljqm0t1cltczmsgdhnqa/stop with request size 65
09:20:28.441 [Thread-0] DEBUG c.browserstack.testOps.RequestUtils - requestToTestOps: Response code: 200
09:20:28.442 [Thread-0] DEBUG com.browserstack.testOps.Listener - Testhub stop response: 
09:20:28.455 [Thread-0] DEBUG com.browserstack.testOps.UsageStats - getFormattedData: Collecting data for TestObservability
09:20:28.455 [Thread-0] DEBUG com.browserstack.testOps.UsageStats - getEventStats: Getting event data for TestObservability
09:20:28.462 [Thread-0] DEBUG com.browserstack.testOps.UsageStats - [OBSERVABILITY] Failed to parse data from workers
09:20:28.546 [Thread-0] DEBUG c.b.utils.FunnelInstrumentation - Sending funnel data for SDKTestSuccessful with data: {"event_type":"SDKTestSuccessful","accessKey":"P3pYBxyo5M83JkXUppxg","userName":"daniel_Yqbm85","event_properties":{"product":"[app-automate, observability]","buildName":"browserstack-build-1","globalException":"Initialization of BrowserStack Local failed Could not connect to local.browserstack.com due to Network issues. Please check your internet connection or if you are behind proxy please use our proxy options. For more details https:\/\/www.browserstack.com\/local-testing#modifiers.","os":"Windows 11","languageVersion":"17.0.9","appiumVersion":"7.5.1","frameworkDetectionInstrumentation":{"parseLoadClass":6,"parseDependencies":31},"language":"java","sdkRunId":"2b2a4bf3-ff70-4aa7-a209-c49c132d4dcb","buildIdentifier":"#1","userFramework":"testng","testhub_uuid":"qdh8zaongmopgr6zlm3tljqm0t1cltczmsgdhnqa","detectedAppiumVersion":"null","detectedDependencies":"testng","productMap":{"app_automate":true,"accessibility":false,"automate":false,"percy":false,"observability":true},"referrer":"testng-javaagent\/1.21.0","hostname":"LAPTOP-MCPEJCJM","language_framework":"java_testng","detectedFramework":"testng","productUsage":{"testObservability":{"buildHashedId":"qdh8zaongmopgr6zlm3tljqm0t1cltczmsgdhnqa","manuallySet":false,"enabled":true,"events":{"hookEvents":{"started":{"errors":[],"failedCount":0,"sentCount":0,"triggeredCount":0},"finished":{"triggeredCount":0,"failedCount":0,"errors":[],"sentCount":0}},"logEvents":{"errors":[],"failedCount":0,"sentCount":0,"triggeredCount":0},"testEvents":{"started":{"errors":[],"failedCount":0,"sentCount":0,"triggeredCount":0},"finished":{"triggeredCount":0,"failedCount":0,"errors":[],"sentCount":0}},"batchEvents":{"triggeredCount":0,"failedCount":0,"errors":[],"sentCount":0},"cbtSessionEvents":{"errors":[],"failedCount":0,"sentCount":0,"triggeredCount":0},"buildEvents":{"started":{"error":null,"triggered":true,"status":"success"},"finished":{"error":null,"triggered":true,"status":"success"}}}}},"detectedSeleniumVersion":"3.141.59","browserStackConfig":{"browserstackLocal":true,"percy":false,"logLevel":"info","staticWebDriver":true,"autoDetectFramework":true,"percyCaptureMode":"MANUAL","browserStackLocalOptions":{"localIdentifier":"14_אוק׳_920_LAPTOP_MCPEJCJM_iNgD","key":"****"},"percyOptions":null,"testContextOptions":{"skipSessionName":false,"serenityOverridePlugin":false,"skipSessionStatus":false},"platforms":[{"os":null,"browser":null,"osVersion":null,"device":"Samsung Galaxy S22 Ultra","browserVersion":null,"capabilities":{"platformVersion":12.0,"platformName":"android","deviceName":"Samsung Galaxy S22 Ultra"},"platformCaps":{"platformVersion":12.0,"platformName":"android","deviceName":"Samsung Galaxy S22 Ultra"},"platformString":"Samsung Galaxy S22 Ultra, 12.0","customVariables":"****"},{"os":null,"browser":null,"osVersion":null,"device":"Google Pixel 7 Pro","browserVersion":null,"capabilities":{"platformVersion":13.0,"platformName":"android","deviceName":"Google Pixel 7 Pro"},"platformCaps":{"platformVersion":13.0,"platformName":"android","deviceName":"Google Pixel 7 Pro"},"platformString":"Google Pixel 7 Pro, 13.0","customVariables":"****"},{"os":null,"browser":null,"osVersion":null,"device":"OnePlus 9","browserVersion":null,"capabilities":{"platformVersion":11.0,"platformName":"android","deviceName":"OnePlus 9"},"platformCaps":{"platformVersion":11.0,"platformName":"android","deviceName":"OnePlus 9"},"platformString":"OnePlus 9, 11.0","customVariables":"****"}],"parallelsPerPlatform":null,"framework":"testng","accessibility":false,"accessibilityOptions":{},"turboScaleOptions":{},"disableAutoCaptureLogs":true,"testObservability":true,"browserstackAutomation":true,"turboScale":false,"testObservabilityOptions":{},"gradleMConfig":null,"proxySettings":null},"seleniumVersion":"3.141.59"}}
09:20:28.932 [Thread-0] DEBUG c.b.utils.FunnelInstrumentation - API Event SDKTestSuccessful response - {"message":"SDK Event recorded successfully"}
09:20:31.324 [Thread-0] DEBUG c.browserstack.utils.UtilityMethods - Browserstack Gradle-M Config File does not exist.
09:20:56.496 [main] DEBUG c.b.config.BrowserStackConfig - Cli Config passed - {}
09:20:56.912 [main] DEBUG c.b.logger.BrowserstackLoggerFactory - Log Level set to TRACE for logger com.browserstack
09:20:56.912 [main] DEBUG c.b.logger.BrowserstackLoggerFactory - Log Level set to INFO for logger stdoutPrinter
09:20:57.166 [main] DEBUG c.b.utils.FrameworkDetectionUtils - Java command - com.intellij.rt.testng.RemoteTestNGStarter -usedefaultlisteners false -socket50161 @w@C:\Users\DANIEL~1\AppData\Local\Temp\idea_working_dirs_testng1.tmp -temp C:\Users\DANIEL~1\AppData\Local\Temp\idea_testng1.tmp
09:20:57.166 [main] DEBUG c.b.utils.FrameworkDetectionUtils - Test classes detected: 
09:20:57.173 [main] DEBUG c.b.utils.FrameworkDetectionUtils - Runner: testng, Engine: none
09:20:57.210 [main] DEBUG c.b.utils.FrameworkDetectionUtils - Runner: testng, Engine: none from dependencies
09:20:57.211 [main] DEBUG c.b.utils.FrameworkDetectionUtils - Detected final framework as: testng
09:20:57.211 [main] DEBUG c.browserstack.BrowserStackJavaAgent - JavaAgent Version 1.21.0
09:20:57.214 [main] DEBUG c.b.utils.ExitSignalHandler - Registered handler for INT
09:20:57.214 [main] DEBUG c.b.utils.ExitSignalHandler - Registered handler for TERM
09:20:57.214 [main] DEBUG c.b.utils.ExitSignalHandler - Unable to attach signal handler for HUP Unknown signal: HUP
09:20:57.214 [main] DEBUG c.b.utils.ExitSignalHandler - Registered handler for ABRT
09:20:58.033 [Thread-1] DEBUG c.browserstack.utils.UtilityMethods - NEXT HUBS ARE: ["hub-euw.browserstack.com","hub-use.browserstack.com","hub-aps.browserstack.com"]
09:20:58.615 [main] DEBUG c.browserstack.utils.UtilityMethods - EXECUTION TIME OF hub-euw.browserstack.com HUB IS: 578ms
09:20:59.672 [main] DEBUG c.browserstack.utils.UtilityMethods - EXECUTION TIME OF hub-use.browserstack.com HUB IS: 1049ms
09:21:00.901 [main] DEBUG c.browserstack.utils.UtilityMethods - EXECUTION TIME OF hub-aps.browserstack.com HUB IS: 1225ms
09:21:00.906 [main] DEBUG c.browserstack.utils.UtilityMethods - NEAREST HUB ALLOCATED IS - hub-euw.browserstack.com
09:21:00.939 [main] DEBUG c.b.utils.FunnelInstrumentation - Sending funnel data for SDKTestAttempted with data: {"event_type":"SDKTestAttempted","accessKey":"P3pYBxyo5M83JkXUppxg","userName":"daniel_Yqbm85","event_properties":{"product":"[app-automate, observability]","buildName":"browserstack-build-1","os":"Windows 11","languageVersion":"17.0.9","appiumVersion":"7.5.1","frameworkDetectionInstrumentation":{"parseLoadClass":5,"parseDependencies":37},"language":"java","sdkRunId":"01cca3ad-5d08-488f-ae84-148a7f7c4026","buildIdentifier":"#2","userFramework":"testng","testhub_uuid":"","detectedAppiumVersion":"null","detectedDependencies":"testng","productMap":{"app_automate":true,"accessibility":false,"automate":false,"percy":false,"observability":true},"referrer":"testng-javaagent\/1.21.0","hostname":"LAPTOP-MCPEJCJM","language_framework":"java_testng","detectedFramework":"testng","detectedSeleniumVersion":"3.141.59","seleniumVersion":"3.141.59"}}
09:21:01.382 [main] DEBUG c.b.utils.FunnelInstrumentation - API Event SDKTestAttempted response - {"message":"SDK Event recorded successfully"}
09:21:01.594 [main] DEBUG c.browserstack.testOps.RequestUtils - [ TESTHUB ] Processing Request Kind launchTestSession
09:21:01.594 [main] DEBUG c.browserstack.testOps.RequestUtils - [requestToTestOps] Sending Observability request: POST api/v2/builds with request size 1169
09:21:02.325 [main] DEBUG c.browserstack.testOps.RequestUtils - requestToTestOps: Response code: 200
09:21:02.326 [main] DEBUG com.browserstack.testOps.Listener - BROWSERSTACK_TESTHUB_UUID : xrxjx8p3pmw8qkgwexjeoaeifzolx19oaz1v55kx
09:21:02.326 [main] DEBUG com.browserstack.testOps.Listener - [ TESTHUB ] Build creation successfull
09:21:02.332 [main] DEBUG com.browserstack.LocalFactory - Starting BrowserStack Local with identifier 14_אוק׳_920_LAPTOP_MCPEJCJM_5lW4
09:21:07.442 [Thread-0] DEBUG c.browserstack.BrowserStackJavaAgent - Starting final execution
09:21:07.444 [Thread-0] DEBUG c.b.u.ObservabilityUtilityMethods - Processing batch requests with type: Global
09:21:07.444 [Thread-0] DEBUG c.browserstack.testOps.RequestUtils - [ TESTHUB ] Processing Request Kind stopBuildUpstream
09:21:07.444 [Thread-0] DEBUG c.browserstack.testOps.RequestUtils - [requestToTestOps] Sending Observability request: PUT api/v1/builds/xrxjx8p3pmw8qkgwexjeoaeifzolx19oaz1v55kx/stop with request size 65
09:21:07.659 [Thread-0] DEBUG c.browserstack.testOps.RequestUtils - requestToTestOps: Response code: 200
09:21:07.660 [Thread-0] DEBUG com.browserstack.testOps.Listener - Testhub stop response: 
09:21:07.665 [Thread-0] DEBUG com.browserstack.testOps.UsageStats - getFormattedData: Collecting data for TestObservability
09:21:07.666 [Thread-0] DEBUG com.browserstack.testOps.UsageStats - getEventStats: Getting event data for TestObservability
09:21:07.671 [Thread-0] DEBUG com.browserstack.testOps.UsageStats - [OBSERVABILITY] Failed to parse data from workers
09:21:07.744 [Thread-0] DEBUG c.b.utils.FunnelInstrumentation - Sending funnel data for SDKTestSuccessful with data: {"event_type":"SDKTestSuccessful","accessKey":"P3pYBxyo5M83JkXUppxg","userName":"daniel_Yqbm85","event_properties":{"product":"[app-automate, observability]","buildName":"browserstack-build-1","globalException":"Initialization of BrowserStack Local failed Could not connect to local.browserstack.com due to Network issues. Please check your internet connection or if you are behind proxy please use our proxy options. For more details https:\/\/www.browserstack.com\/local-testing#modifiers.","os":"Windows 11","languageVersion":"17.0.9","appiumVersion":"7.5.1","frameworkDetectionInstrumentation":{"parseLoadClass":5,"parseDependencies":37},"language":"java","sdkRunId":"01cca3ad-5d08-488f-ae84-148a7f7c4026","buildIdentifier":"#2","userFramework":"testng","testhub_uuid":"xrxjx8p3pmw8qkgwexjeoaeifzolx19oaz1v55kx","detectedAppiumVersion":"null","detectedDependencies":"testng","productMap":{"app_automate":true,"accessibility":false,"automate":false,"percy":false,"observability":true},"referrer":"testng-javaagent\/1.21.0","hostname":"LAPTOP-MCPEJCJM","language_framework":"java_testng","detectedFramework":"testng","productUsage":{"testObservability":{"buildHashedId":"xrxjx8p3pmw8qkgwexjeoaeifzolx19oaz1v55kx","manuallySet":false,"enabled":true,"events":{"hookEvents":{"started":{"errors":[],"failedCount":0,"sentCount":0,"triggeredCount":0},"finished":{"triggeredCount":0,"failedCount":0,"errors":[],"sentCount":0}},"logEvents":{"errors":[],"failedCount":0,"sentCount":0,"triggeredCount":0},"testEvents":{"started":{"errors":[],"failedCount":0,"sentCount":0,"triggeredCount":0},"finished":{"triggeredCount":0,"failedCount":0,"errors":[],"sentCount":0}},"batchEvents":{"triggeredCount":0,"failedCount":0,"errors":[],"sentCount":0},"cbtSessionEvents":{"errors":[],"failedCount":0,"sentCount":0,"triggeredCount":0},"buildEvents":{"started":{"error":null,"triggered":true,"status":"success"},"finished":{"error":null,"triggered":true,"status":"success"}}}}},"detectedSeleniumVersion":"3.141.59","browserStackConfig":{"browserstackLocal":true,"percy":false,"logLevel":"info","staticWebDriver":true,"autoDetectFramework":true,"percyCaptureMode":"MANUAL","browserStackLocalOptions":{"localIdentifier":"14_אוק׳_920_LAPTOP_MCPEJCJM_5lW4","key":"****"},"percyOptions":null,"testContextOptions":{"skipSessionStatus":false,"serenityOverridePlugin":false,"skipSessionName":false},"platforms":[{"capabilities":{"platformVersion":12.0,"platformName":"android","deviceName":"Samsung Galaxy S22 Ultra"},"browserVersion":null,"browser":null,"os":null,"osVersion":null,"platformCaps":{"platformVersion":12.0,"platformName":"android","deviceName":"Samsung Galaxy S22 Ultra"},"device":"Samsung Galaxy S22 Ultra","platformString":"Samsung Galaxy S22 Ultra, 12.0","customVariables":"****"},{"capabilities":{"platformVersion":13.0,"platformName":"android","deviceName":"Google Pixel 7 Pro"},"browserVersion":null,"browser":null,"os":null,"osVersion":null,"platformCaps":{"platformVersion":13.0,"platformName":"android","deviceName":"Google Pixel 7 Pro"},"device":"Google Pixel 7 Pro","platformString":"Google Pixel 7 Pro, 13.0","customVariables":"****"},{"capabilities":{"platformVersion":11.0,"platformName":"android","deviceName":"OnePlus 9"},"browserVersion":null,"browser":null,"os":null,"osVersion":null,"platformCaps":{"platformVersion":11.0,"platformName":"android","deviceName":"OnePlus 9"},"device":"OnePlus 9","platformString":"OnePlus 9, 11.0","customVariables":"****"}],"parallelsPerPlatform":null,"framework":"testng","accessibility":false,"accessibilityOptions":{},"turboScaleOptions":{},"disableAutoCaptureLogs":true,"testObservability":true,"browserstackAutomation":true,"turboScale":false,"testObservabilityOptions":{},"gradleMConfig":null,"proxySettings":null},"seleniumVersion":"3.141.59"}}
09:21:08.094 [Thread-0] DEBUG c.b.utils.FunnelInstrumentation - API Event SDKTestSuccessful response - {"message":"SDK Event recorded successfully"}
09:21:10.532 [Thread-0] DEBUG c.browserstack.utils.UtilityMethods - Browserstack Gradle-M Config File does not exist.
09:22:49.537 [main] DEBUG c.b.config.BrowserStackConfig - Cli Config passed - {}
09:22:50.089 [main] DEBUG c.b.logger.BrowserstackLoggerFactory - Log Level set to TRACE for logger com.browserstack
09:22:50.089 [main] DEBUG c.b.logger.BrowserstackLoggerFactory - Log Level set to INFO for logger stdoutPrinter
09:22:50.417 [main] DEBUG c.b.utils.FrameworkDetectionUtils - Java command - com.intellij.rt.testng.RemoteTestNGStarter -usedefaultlisteners false -socket50361 @w@C:\Users\DANIEL~1\AppData\Local\Temp\idea_working_dirs_testng1.tmp -temp C:\Users\DANIEL~1\AppData\Local\Temp\idea_testng1.tmp
09:22:50.417 [main] DEBUG c.b.utils.FrameworkDetectionUtils - Test classes detected: 
09:22:50.439 [main] DEBUG c.b.utils.FrameworkDetectionUtils - Runner: testng, Engine: none
09:22:50.490 [main] DEBUG c.b.utils.FrameworkDetectionUtils - Runner: testng, Engine: none from dependencies
09:22:50.490 [main] DEBUG c.b.utils.FrameworkDetectionUtils - Detected final framework as: testng
09:22:50.490 [main] DEBUG c.browserstack.BrowserStackJavaAgent - JavaAgent Version 1.21.0
09:22:50.495 [main] DEBUG c.b.utils.ExitSignalHandler - Registered handler for INT
09:22:50.495 [main] DEBUG c.b.utils.ExitSignalHandler - Registered handler for TERM
09:22:50.497 [main] DEBUG c.b.utils.ExitSignalHandler - Unable to attach signal handler for HUP Unknown signal: HUP
09:22:50.497 [main] DEBUG c.b.utils.ExitSignalHandler - Registered handler for ABRT
09:22:52.028 [Thread-1] DEBUG c.browserstack.utils.UtilityMethods - NEXT HUBS ARE: ["hub-euw.browserstack.com","hub-use.browserstack.com","hub-aps.browserstack.com"]
09:22:52.742 [main] DEBUG c.browserstack.utils.UtilityMethods - EXECUTION TIME OF hub-euw.browserstack.com HUB IS: 706ms
09:22:53.821 [main] DEBUG c.browserstack.utils.UtilityMethods - EXECUTION TIME OF hub-use.browserstack.com HUB IS: 1068ms
09:22:54.796 [main] DEBUG c.browserstack.utils.UtilityMethods - EXECUTION TIME OF hub-aps.browserstack.com HUB IS: 973ms
09:22:54.814 [main] DEBUG c.browserstack.utils.UtilityMethods - NEAREST HUB ALLOCATED IS - hub-euw.browserstack.com
09:22:54.848 [main] DEBUG c.b.utils.FunnelInstrumentation - Sending funnel data for SDKTestAttempted with data: {"event_type":"SDKTestAttempted","accessKey":"P3pYBxyo5M83JkXUppxg","userName":"daniel_Yqbm85","event_properties":{"product":"[app-automate, observability]","buildName":"browserstack-build-1","os":"Windows 11","languageVersion":"17.0.9","appiumVersion":"7.5.1","frameworkDetectionInstrumentation":{"parseLoadClass":20,"parseDependencies":51},"language":"java","sdkRunId":"b23a009d-ba80-40e0-814a-4f0f3bb7eb05","buildIdentifier":"#3","userFramework":"testng","testhub_uuid":"","detectedAppiumVersion":"null","detectedDependencies":"testng","productMap":{"app_automate":true,"accessibility":false,"automate":false,"percy":false,"observability":true},"referrer":"testng-javaagent\/1.21.0","hostname":"LAPTOP-MCPEJCJM","language_framework":"java_testng","detectedFramework":"testng","detectedSeleniumVersion":"3.141.59","seleniumVersion":"3.141.59"}}
09:22:55.280 [main] DEBUG c.b.utils.FunnelInstrumentation - API Event SDKTestAttempted response - {"message":"SDK Event recorded successfully"}
09:22:55.598 [main] DEBUG c.browserstack.testOps.RequestUtils - [ TESTHUB ] Processing Request Kind launchTestSession
09:22:55.598 [main] DEBUG c.browserstack.testOps.RequestUtils - [requestToTestOps] Sending Observability request: POST api/v2/builds with request size 1169
09:22:56.431 [main] DEBUG c.browserstack.testOps.RequestUtils - requestToTestOps: Response code: 200
09:22:56.432 [main] DEBUG com.browserstack.testOps.Listener - BROWSERSTACK_TESTHUB_UUID : xe2rnoac6me9hm02zeibnrdhdfhggo2rnd4wxd9r
09:22:56.432 [main] DEBUG com.browserstack.testOps.Listener - [ TESTHUB ] Build creation successfull
09:22:56.437 [main] DEBUG com.browserstack.LocalFactory - Starting BrowserStack Local with identifier 14_אוק׳_922_LAPTOP_MCPEJCJM_axT6
09:23:02.269 [Thread-0] DEBUG c.browserstack.BrowserStackJavaAgent - Starting final execution
09:23:02.270 [Thread-0] DEBUG c.b.u.ObservabilityUtilityMethods - Processing batch requests with type: Global
09:23:02.271 [Thread-0] DEBUG c.browserstack.testOps.RequestUtils - [ TESTHUB ] Processing Request Kind stopBuildUpstream
09:23:02.271 [Thread-0] DEBUG c.browserstack.testOps.RequestUtils - [requestToTestOps] Sending Observability request: PUT api/v1/builds/xe2rnoac6me9hm02zeibnrdhdfhggo2rnd4wxd9r/stop with request size 65
09:23:02.447 [Thread-0] DEBUG c.browserstack.testOps.RequestUtils - requestToTestOps: Response code: 200
09:23:02.448 [Thread-0] DEBUG com.browserstack.testOps.Listener - Testhub stop response: 
09:23:02.453 [Thread-0] DEBUG com.browserstack.testOps.UsageStats - getFormattedData: Collecting data for TestObservability
09:23:02.453 [Thread-0] DEBUG com.browserstack.testOps.UsageStats - getEventStats: Getting event data for TestObservability
09:23:02.460 [Thread-0] DEBUG com.browserstack.testOps.UsageStats - [OBSERVABILITY] Failed to parse data from workers
09:23:02.547 [Thread-0] DEBUG c.b.utils.FunnelInstrumentation - Sending funnel data for SDKTestSuccessful with data: {"event_type":"SDKTestSuccessful","accessKey":"P3pYBxyo5M83JkXUppxg","userName":"daniel_Yqbm85","event_properties":{"product":"[app-automate, observability]","buildName":"browserstack-build-1","globalException":"Initialization of BrowserStack Local failed Could not connect to local.browserstack.com due to Network issues. Please check your internet connection or if you are behind proxy please use our proxy options. For more details https:\/\/www.browserstack.com\/local-testing#modifiers.","os":"Windows 11","languageVersion":"17.0.9","appiumVersion":"7.5.1","frameworkDetectionInstrumentation":{"parseLoadClass":20,"parseDependencies":51},"language":"java","sdkRunId":"b23a009d-ba80-40e0-814a-4f0f3bb7eb05","buildIdentifier":"#3","userFramework":"testng","testhub_uuid":"xe2rnoac6me9hm02zeibnrdhdfhggo2rnd4wxd9r","detectedAppiumVersion":"null","detectedDependencies":"testng","productMap":{"app_automate":true,"accessibility":false,"automate":false,"percy":false,"observability":true},"referrer":"testng-javaagent\/1.21.0","hostname":"LAPTOP-MCPEJCJM","language_framework":"java_testng","detectedFramework":"testng","productUsage":{"testObservability":{"buildHashedId":"xe2rnoac6me9hm02zeibnrdhdfhggo2rnd4wxd9r","manuallySet":false,"enabled":true,"events":{"hookEvents":{"started":{"errors":[],"triggeredCount":0,"sentCount":0,"failedCount":0},"finished":{"triggeredCount":0,"failedCount":0,"errors":[],"sentCount":0}},"logEvents":{"errors":[],"triggeredCount":0,"sentCount":0,"failedCount":0},"testEvents":{"started":{"errors":[],"triggeredCount":0,"sentCount":0,"failedCount":0},"finished":{"triggeredCount":0,"failedCount":0,"errors":[],"sentCount":0}},"batchEvents":{"triggeredCount":0,"failedCount":0,"errors":[],"sentCount":0},"cbtSessionEvents":{"errors":[],"triggeredCount":0,"sentCount":0,"failedCount":0},"buildEvents":{"started":{"error":null,"status":"success","triggered":true},"finished":{"error":null,"status":"success","triggered":true}}}}},"detectedSeleniumVersion":"3.141.59","browserStackConfig":{"browserstackLocal":true,"percy":false,"logLevel":"info","staticWebDriver":true,"autoDetectFramework":true,"percyCaptureMode":"MANUAL","browserStackLocalOptions":{"localIdentifier":"14_אוק׳_922_LAPTOP_MCPEJCJM_axT6","key":"****"},"percyOptions":null,"testContextOptions":{"serenityOverridePlugin":false,"skipSessionStatus":false,"skipSessionName":false},"platforms":[{"capabilities":{"platformVersion":12.0,"platformName":"android","deviceName":"Samsung Galaxy S22 Ultra"},"osVersion":null,"os":null,"browserVersion":null,"device":"Samsung Galaxy S22 Ultra","browser":null,"platformCaps":{"platformVersion":12.0,"platformName":"android","deviceName":"Samsung Galaxy S22 Ultra"},"platformString":"Samsung Galaxy S22 Ultra, 12.0","customVariables":"****"},{"capabilities":{"platformVersion":13.0,"platformName":"android","deviceName":"Google Pixel 7 Pro"},"osVersion":null,"os":null,"browserVersion":null,"device":"Google Pixel 7 Pro","browser":null,"platformCaps":{"platformVersion":13.0,"platformName":"android","deviceName":"Google Pixel 7 Pro"},"platformString":"Google Pixel 7 Pro, 13.0","customVariables":"****"},{"capabilities":{"platformVersion":11.0,"platformName":"android","deviceName":"OnePlus 9"},"osVersion":null,"os":null,"browserVersion":null,"device":"OnePlus 9","browser":null,"platformCaps":{"platformVersion":11.0,"platformName":"android","deviceName":"OnePlus 9"},"platformString":"OnePlus 9, 11.0","customVariables":"****"}],"parallelsPerPlatform":null,"framework":"testng","accessibility":false,"accessibilityOptions":{},"turboScaleOptions":{},"disableAutoCaptureLogs":true,"testObservability":true,"browserstackAutomation":true,"turboScale":false,"testObservabilityOptions":{},"gradleMConfig":null,"proxySettings":null},"seleniumVersion":"3.141.59"}}
09:23:02.914 [Thread-0] DEBUG c.b.utils.FunnelInstrumentation - API Event SDKTestSuccessful response - {"message":"SDK Event recorded successfully"}
09:23:04.996 [Thread-0] DEBUG c.browserstack.utils.UtilityMethods - Browserstack Gradle-M Config File does not exist.
09:23:17.589 [main] DEBUG c.b.config.BrowserStackConfig - Cli Config passed - {}
09:23:18.051 [main] DEBUG c.b.logger.BrowserstackLoggerFactory - Log Level set to TRACE for logger com.browserstack
09:23:18.051 [main] DEBUG c.b.logger.BrowserstackLoggerFactory - Log Level set to INFO for logger stdoutPrinter
09:23:18.399 [main] DEBUG c.b.utils.FrameworkDetectionUtils - Java command - com.intellij.rt.testng.RemoteTestNGStarter -usedefaultlisteners false -socket50400 @w@C:\Users\DANIEL~1\AppData\Local\Temp\idea_working_dirs_testng1.tmp -temp C:\Users\DANIEL~1\AppData\Local\Temp\idea_testng1.tmp
09:23:18.399 [main] DEBUG c.b.utils.FrameworkDetectionUtils - Test classes detected: 
09:23:18.405 [main] DEBUG c.b.utils.FrameworkDetectionUtils - Runner: testng, Engine: none
09:23:18.438 [main] DEBUG c.b.utils.FrameworkDetectionUtils - Runner: testng, Engine: none from dependencies
09:23:18.438 [main] DEBUG c.b.utils.FrameworkDetectionUtils - Detected final framework as: testng
09:23:18.438 [main] DEBUG c.browserstack.BrowserStackJavaAgent - JavaAgent Version 1.21.0
09:23:18.443 [main] DEBUG c.b.utils.ExitSignalHandler - Registered handler for INT
09:23:18.443 [main] DEBUG c.b.utils.ExitSignalHandler - Registered handler for TERM
09:23:18.443 [main] DEBUG c.b.utils.ExitSignalHandler - Unable to attach signal handler for HUP Unknown signal: HUP
09:23:18.443 [main] DEBUG c.b.utils.ExitSignalHandler - Registered handler for ABRT
09:23:19.121 [Thread-1] DEBUG c.browserstack.utils.UtilityMethods - NEXT HUBS ARE: ["hub-euw.browserstack.com","hub-use.browserstack.com","hub-aps.browserstack.com"]
09:23:19.570 [main] DEBUG c.browserstack.utils.UtilityMethods - EXECUTION TIME OF hub-euw.browserstack.com HUB IS: 441ms
09:23:20.392 [main] DEBUG c.browserstack.utils.UtilityMethods - EXECUTION TIME OF hub-use.browserstack.com HUB IS: 812ms
09:23:21.369 [main] DEBUG c.browserstack.utils.UtilityMethods - EXECUTION TIME OF hub-aps.browserstack.com HUB IS: 975ms
09:23:21.374 [main] DEBUG c.browserstack.utils.UtilityMethods - NEAREST HUB ALLOCATED IS - hub-euw.browserstack.com
09:23:21.413 [main] DEBUG c.b.utils.FunnelInstrumentation - Sending funnel data for SDKTestAttempted with data: {"event_type":"SDKTestAttempted","accessKey":"P3pYBxyo5M83JkXUppxg","userName":"daniel_Yqbm85","event_properties":{"product":"[app-automate, observability]","buildName":"browserstack-build-1","os":"Windows 11","languageVersion":"17.0.9","appiumVersion":"7.5.1","frameworkDetectionInstrumentation":{"parseLoadClass":5,"parseDependencies":33},"language":"java","sdkRunId":"96c27e38-0781-438e-a5f3-6fe147f9f3dc","buildIdentifier":"#4","userFramework":"testng","testhub_uuid":"","detectedAppiumVersion":"null","detectedDependencies":"testng","productMap":{"app_automate":true,"accessibility":false,"automate":false,"percy":false,"observability":true},"referrer":"testng-javaagent\/1.21.0","hostname":"LAPTOP-MCPEJCJM","language_framework":"java_testng","detectedFramework":"testng","detectedSeleniumVersion":"3.141.59","seleniumVersion":"3.141.59"}}
09:23:21.902 [main] DEBUG c.b.utils.FunnelInstrumentation - API Event SDKTestAttempted response - {"message":"SDK Event recorded successfully"}
09:23:22.242 [main] DEBUG c.browserstack.testOps.RequestUtils - [ TESTHUB ] Processing Request Kind launchTestSession
09:23:22.242 [main] DEBUG c.browserstack.testOps.RequestUtils - [requestToTestOps] Sending Observability request: POST api/v2/builds with request size 1169
09:23:23.013 [main] DEBUG c.browserstack.testOps.RequestUtils - requestToTestOps: Response code: 200
09:23:23.014 [main] DEBUG com.browserstack.testOps.Listener - BROWSERSTACK_TESTHUB_UUID : om5r7xode27bdx30wvnne7w5syse1dpklsyd311o
09:23:23.014 [main] DEBUG com.browserstack.testOps.Listener - [ TESTHUB ] Build creation successfull
09:23:23.023 [main] DEBUG com.browserstack.LocalFactory - Starting BrowserStack Local with identifier 14_אוק׳_923_LAPTOP_MCPEJCJM_xrHR
09:23:28.879 [Thread-0] DEBUG c.browserstack.BrowserStackJavaAgent - Starting final execution
09:23:28.880 [Thread-0] DEBUG c.b.u.ObservabilityUtilityMethods - Processing batch requests with type: Global
09:23:28.881 [Thread-0] DEBUG c.browserstack.testOps.RequestUtils - [ TESTHUB ] Processing Request Kind stopBuildUpstream
09:23:28.881 [Thread-0] DEBUG c.browserstack.testOps.RequestUtils - [requestToTestOps] Sending Observability request: PUT api/v1/builds/om5r7xode27bdx30wvnne7w5syse1dpklsyd311o/stop with request size 65
09:23:29.044 [Thread-0] DEBUG c.browserstack.testOps.RequestUtils - requestToTestOps: Response code: 200
09:23:29.044 [Thread-0] DEBUG com.browserstack.testOps.Listener - Testhub stop response: 
09:23:29.049 [Thread-0] DEBUG com.browserstack.testOps.UsageStats - getFormattedData: Collecting data for TestObservability
09:23:29.049 [Thread-0] DEBUG com.browserstack.testOps.UsageStats - getEventStats: Getting event data for TestObservability
09:23:29.054 [Thread-0] DEBUG com.browserstack.testOps.UsageStats - [OBSERVABILITY] Failed to parse data from workers
09:23:29.130 [Thread-0] DEBUG c.b.utils.FunnelInstrumentation - Sending funnel data for SDKTestSuccessful with data: {"event_type":"SDKTestSuccessful","accessKey":"P3pYBxyo5M83JkXUppxg","userName":"daniel_Yqbm85","event_properties":{"product":"[app-automate, observability]","buildName":"browserstack-build-1","globalException":"Initialization of BrowserStack Local failed Could not connect to local.browserstack.com due to Network issues. Please check your internet connection or if you are behind proxy please use our proxy options. For more details https:\/\/www.browserstack.com\/local-testing#modifiers.","os":"Windows 11","languageVersion":"17.0.9","appiumVersion":"7.5.1","frameworkDetectionInstrumentation":{"parseLoadClass":5,"parseDependencies":33},"language":"java","sdkRunId":"96c27e38-0781-438e-a5f3-6fe147f9f3dc","buildIdentifier":"#4","userFramework":"testng","testhub_uuid":"om5r7xode27bdx30wvnne7w5syse1dpklsyd311o","detectedAppiumVersion":"null","detectedDependencies":"testng","productMap":{"app_automate":true,"accessibility":false,"automate":false,"percy":false,"observability":true},"referrer":"testng-javaagent\/1.21.0","hostname":"LAPTOP-MCPEJCJM","language_framework":"java_testng","detectedFramework":"testng","productUsage":{"testObservability":{"buildHashedId":"om5r7xode27bdx30wvnne7w5syse1dpklsyd311o","manuallySet":false,"enabled":true,"events":{"hookEvents":{"started":{"sentCount":0,"errors":[],"triggeredCount":0,"failedCount":0},"finished":{"triggeredCount":0,"failedCount":0,"errors":[],"sentCount":0}},"logEvents":{"sentCount":0,"errors":[],"triggeredCount":0,"failedCount":0},"testEvents":{"started":{"sentCount":0,"errors":[],"triggeredCount":0,"failedCount":0},"finished":{"triggeredCount":0,"failedCount":0,"errors":[],"sentCount":0}},"batchEvents":{"triggeredCount":0,"failedCount":0,"errors":[],"sentCount":0},"cbtSessionEvents":{"sentCount":0,"errors":[],"triggeredCount":0,"failedCount":0},"buildEvents":{"started":{"status":"success","triggered":true,"error":null},"finished":{"status":"success","triggered":true,"error":null}}}}},"detectedSeleniumVersion":"3.141.59","browserStackConfig":{"browserstackLocal":true,"percy":false,"logLevel":"info","staticWebDriver":true,"autoDetectFramework":true,"percyCaptureMode":"MANUAL","browserStackLocalOptions":{"localIdentifier":"14_אוק׳_923_LAPTOP_MCPEJCJM_xrHR","key":"****"},"percyOptions":null,"testContextOptions":{"serenityOverridePlugin":false,"skipSessionName":false,"skipSessionStatus":false},"platforms":[{"platformCaps":{"platformVersion":12.0,"platformName":"android","deviceName":"Samsung Galaxy S22 Ultra"},"platformString":"Samsung Galaxy S22 Ultra, 12.0","capabilities":{"platformVersion":12.0,"platformName":"android","deviceName":"Samsung Galaxy S22 Ultra"},"browser":null,"device":"Samsung Galaxy S22 Ultra","browserVersion":null,"os":null,"osVersion":null,"customVariables":"****"},{"platformCaps":{"platformVersion":13.0,"platformName":"android","deviceName":"Google Pixel 7 Pro"},"platformString":"Google Pixel 7 Pro, 13.0","capabilities":{"platformVersion":13.0,"platformName":"android","deviceName":"Google Pixel 7 Pro"},"browser":null,"device":"Google Pixel 7 Pro","browserVersion":null,"os":null,"osVersion":null,"customVariables":"****"},{"platformCaps":{"platformVersion":11.0,"platformName":"android","deviceName":"OnePlus 9"},"platformString":"OnePlus 9, 11.0","capabilities":{"platformVersion":11.0,"platformName":"android","deviceName":"OnePlus 9"},"browser":null,"device":"OnePlus 9","browserVersion":null,"os":null,"osVersion":null,"customVariables":"****"}],"parallelsPerPlatform":null,"framework":"testng","accessibility":false,"accessibilityOptions":{},"turboScaleOptions":{},"disableAutoCaptureLogs":true,"testObservability":true,"browserstackAutomation":true,"turboScale":false,"testObservabilityOptions":{},"gradleMConfig":null,"proxySettings":null},"seleniumVersion":"3.141.59"}}
09:23:29.468 [Thread-0] DEBUG c.b.utils.FunnelInstrumentation - API Event SDKTestSuccessful response - {"message":"SDK Event recorded successfully"}
09:23:31.506 [Thread-0] DEBUG c.browserstack.utils.UtilityMethods - Browserstack Gradle-M Config File does not exist.
09:27:44.586 [main] DEBUG c.b.config.BrowserStackConfig - Cli Config passed - {}
09:27:45.051 [main] DEBUG c.b.logger.BrowserstackLoggerFactory - Log Level set to TRACE for logger com.browserstack
09:27:45.051 [main] DEBUG c.b.logger.BrowserstackLoggerFactory - Log Level set to INFO for logger stdoutPrinter
09:27:45.282 [main] DEBUG c.b.utils.FrameworkDetectionUtils - Java command - com.intellij.rt.testng.RemoteTestNGStarter -usedefaultlisteners false -socket57432 @w@C:\Users\DANIEL~1\AppData\Local\Temp\idea_working_dirs_testng1.tmp -temp C:\Users\DANIEL~1\AppData\Local\Temp\idea_testng1.tmp
09:27:45.283 [main] DEBUG c.b.utils.FrameworkDetectionUtils - Test classes detected: 
09:27:45.290 [main] DEBUG c.b.utils.FrameworkDetectionUtils - Runner: testng, Engine: none
09:27:45.327 [main] DEBUG c.b.utils.FrameworkDetectionUtils - Runner: testng, Engine: none from dependencies
09:27:45.327 [main] DEBUG c.b.utils.FrameworkDetectionUtils - Detected final framework as: testng
09:27:45.327 [main] DEBUG c.browserstack.BrowserStackJavaAgent - JavaAgent Version 1.21.0
09:27:45.332 [main] DEBUG c.b.utils.ExitSignalHandler - Registered handler for INT
09:27:45.332 [main] DEBUG c.b.utils.ExitSignalHandler - Registered handler for TERM
09:27:45.332 [main] DEBUG c.b.utils.ExitSignalHandler - Unable to attach signal handler for HUP Unknown signal: HUP
09:27:45.332 [main] DEBUG c.b.utils.ExitSignalHandler - Registered handler for ABRT
09:27:46.312 [Thread-1] DEBUG c.browserstack.utils.UtilityMethods - NEXT HUBS ARE: ["hub-euw.browserstack.com","hub-use.browserstack.com","hub-aps.browserstack.com"]
09:27:46.869 [main] DEBUG c.browserstack.utils.UtilityMethods - EXECUTION TIME OF hub-euw.browserstack.com HUB IS: 554ms
09:27:47.989 [main] DEBUG c.browserstack.utils.UtilityMethods - EXECUTION TIME OF hub-use.browserstack.com HUB IS: 1117ms
09:27:49.170 [main] DEBUG c.browserstack.utils.UtilityMethods - EXECUTION TIME OF hub-aps.browserstack.com HUB IS: 1178ms
09:27:49.175 [main] DEBUG c.browserstack.utils.UtilityMethods - NEAREST HUB ALLOCATED IS - hub-euw.browserstack.com
09:27:49.192 [main] DEBUG c.b.utils.FunnelInstrumentation - Sending funnel data for SDKTestAttempted with data: {"event_type":"SDKTestAttempted","accessKey":"P3pYBxyo5M83JkXUppxg","userName":"daniel_Yqbm85","event_properties":{"product":"[app-automate, observability]","buildName":"browserstack-build-1","os":"Windows 11","languageVersion":"17.0.9","appiumVersion":"7.5.1","frameworkDetectionInstrumentation":{"parseLoadClass":5,"parseDependencies":37},"language":"java","sdkRunId":"453a77d7-58e3-4912-b81a-3f4718c93770","buildIdentifier":"#5","userFramework":"testng","testhub_uuid":"","detectedAppiumVersion":"null","detectedDependencies":"testng","productMap":{"app_automate":true,"accessibility":false,"automate":false,"percy":false,"observability":true},"referrer":"testng-javaagent\/1.21.0","hostname":"LAPTOP-MCPEJCJM","language_framework":"java_testng","detectedFramework":"testng","detectedSeleniumVersion":"3.141.59","seleniumVersion":"3.141.59"}}
09:27:49.789 [main] DEBUG c.b.utils.FunnelInstrumentation - API Event SDKTestAttempted response - {"message":"SDK Event recorded successfully"}
09:27:50.121 [main] DEBUG c.browserstack.testOps.RequestUtils - [ TESTHUB ] Processing Request Kind launchTestSession
09:27:50.121 [main] DEBUG c.browserstack.testOps.RequestUtils - [requestToTestOps] Sending Observability request: POST api/v2/builds with request size 1169
09:27:51.015 [main] DEBUG c.browserstack.testOps.RequestUtils - requestToTestOps: Response code: 200
09:27:51.017 [main] DEBUG com.browserstack.testOps.Listener - BROWSERSTACK_TESTHUB_UUID : dananmbf9aizaqtjmdqablnxmksjmi9vgom8g7ar
09:27:51.017 [main] DEBUG com.browserstack.testOps.Listener - [ TESTHUB ] Build creation successfull
09:27:51.043 [main] DEBUG com.browserstack.LocalFactory - Starting BrowserStack Local with identifier 14_אוק׳_927_LAPTOP_MCPEJCJM_aBbX
09:27:58.755 [Thread-0] DEBUG c.browserstack.BrowserStackJavaAgent - Starting final execution
09:27:58.758 [Thread-0] DEBUG c.b.u.ObservabilityUtilityMethods - Processing batch requests with type: Global
09:27:58.758 [Thread-0] DEBUG c.browserstack.testOps.RequestUtils - [ TESTHUB ] Processing Request Kind stopBuildUpstream
09:27:58.758 [Thread-0] DEBUG c.browserstack.testOps.RequestUtils - [requestToTestOps] Sending Observability request: PUT api/v1/builds/dananmbf9aizaqtjmdqablnxmksjmi9vgom8g7ar/stop with request size 65
09:27:59.003 [Thread-0] DEBUG c.browserstack.testOps.RequestUtils - requestToTestOps: Response code: 200
09:27:59.003 [Thread-0] DEBUG com.browserstack.testOps.Listener - Testhub stop response: 
09:27:59.005 [Thread-0] DEBUG com.browserstack.testOps.UsageStats - getFormattedData: Collecting data for TestObservability
09:27:59.007 [Thread-0] DEBUG com.browserstack.testOps.UsageStats - getEventStats: Getting event data for TestObservability
09:27:59.010 [Thread-0] DEBUG com.browserstack.testOps.UsageStats - [OBSERVABILITY] Failed to parse data from workers
09:27:59.083 [Thread-0] DEBUG c.b.utils.FunnelInstrumentation - Sending funnel data for SDKTestSuccessful with data: {"event_type":"SDKTestSuccessful","accessKey":"P3pYBxyo5M83JkXUppxg","userName":"daniel_Yqbm85","event_properties":{"product":"[app-automate, observability]","buildName":"browserstack-build-1","globalException":"Initialization of BrowserStack Local failed Could not connect to local.browserstack.com due to Network issues. Please check your internet connection or if you are behind proxy please use our proxy options. For more details https:\/\/www.browserstack.com\/local-testing#modifiers.","os":"Windows 11","languageVersion":"17.0.9","appiumVersion":"7.5.1","frameworkDetectionInstrumentation":{"parseLoadClass":5,"parseDependencies":37},"language":"java","sdkRunId":"453a77d7-58e3-4912-b81a-3f4718c93770","buildIdentifier":"#5","userFramework":"testng","testhub_uuid":"dananmbf9aizaqtjmdqablnxmksjmi9vgom8g7ar","detectedAppiumVersion":"null","detectedDependencies":"testng","productMap":{"app_automate":true,"accessibility":false,"automate":false,"percy":false,"observability":true},"referrer":"testng-javaagent\/1.21.0","hostname":"LAPTOP-MCPEJCJM","language_framework":"java_testng","detectedFramework":"testng","productUsage":{"testObservability":{"buildHashedId":"dananmbf9aizaqtjmdqablnxmksjmi9vgom8g7ar","manuallySet":false,"enabled":true,"events":{"hookEvents":{"started":{"errors":[],"sentCount":0,"failedCount":0,"triggeredCount":0},"finished":{"triggeredCount":0,"failedCount":0,"errors":[],"sentCount":0}},"logEvents":{"errors":[],"sentCount":0,"failedCount":0,"triggeredCount":0},"testEvents":{"started":{"errors":[],"sentCount":0,"failedCount":0,"triggeredCount":0},"finished":{"triggeredCount":0,"failedCount":0,"errors":[],"sentCount":0}},"batchEvents":{"triggeredCount":0,"failedCount":0,"errors":[],"sentCount":0},"cbtSessionEvents":{"errors":[],"sentCount":0,"failedCount":0,"triggeredCount":0},"buildEvents":{"started":{"error":null,"status":"success","triggered":true},"finished":{"error":null,"status":"success","triggered":true}}}}},"detectedSeleniumVersion":"3.141.59","browserStackConfig":{"browserstackLocal":true,"percy":false,"logLevel":"info","staticWebDriver":true,"autoDetectFramework":true,"percyCaptureMode":"MANUAL","browserStackLocalOptions":{"localIdentifier":"14_אוק׳_927_LAPTOP_MCPEJCJM_aBbX","key":"****"},"percyOptions":null,"testContextOptions":{"skipSessionStatus":false,"serenityOverridePlugin":false,"skipSessionName":false},"platforms":[{"device":"Samsung Galaxy S22 Ultra","osVersion":null,"os":null,"browser":null,"browserVersion":null,"capabilities":{"platformVersion":12.0,"platformName":"android","deviceName":"Samsung Galaxy S22 Ultra"},"platformCaps":{"platformVersion":12.0,"platformName":"android","deviceName":"Samsung Galaxy S22 Ultra"},"platformString":"Samsung Galaxy S22 Ultra, 12.0","customVariables":"****"},{"device":"Google Pixel 7 Pro","osVersion":null,"os":null,"browser":null,"browserVersion":null,"capabilities":{"platformVersion":13.0,"platformName":"android","deviceName":"Google Pixel 7 Pro"},"platformCaps":{"platformVersion":13.0,"platformName":"android","deviceName":"Google Pixel 7 Pro"},"platformString":"Google Pixel 7 Pro, 13.0","customVariables":"****"},{"device":"OnePlus 9","osVersion":null,"os":null,"browser":null,"browserVersion":null,"capabilities":{"platformVersion":11.0,"platformName":"android","deviceName":"OnePlus 9"},"platformCaps":{"platformVersion":11.0,"platformName":"android","deviceName":"OnePlus 9"},"platformString":"OnePlus 9, 11.0","customVariables":"****"}],"parallelsPerPlatform":null,"framework":"testng","accessibility":false,"accessibilityOptions":{},"turboScaleOptions":{},"disableAutoCaptureLogs":true,"testObservability":true,"browserstackAutomation":true,"turboScale":false,"testObservabilityOptions":{},"gradleMConfig":null,"proxySettings":null},"seleniumVersion":"3.141.59"}}
09:27:59.423 [Thread-0] DEBUG c.b.utils.FunnelInstrumentation - API Event SDKTestSuccessful response - {"message":"SDK Event recorded successfully"}
09:28:01.975 [Thread-0] DEBUG c.browserstack.utils.UtilityMethods - Browserstack Gradle-M Config File does not exist.
17:30:14.377 [main] DEBUG c.b.config.BrowserStackConfig - Cli Config passed - {}
17:30:14.854 [main] DEBUG c.b.logger.BrowserstackLoggerFactory - Log Level set to TRACE for logger com.browserstack
17:30:14.854 [main] DEBUG c.b.logger.BrowserstackLoggerFactory - Log Level set to INFO for logger stdoutPrinter
17:30:15.080 [main] DEBUG c.b.utils.FrameworkDetectionUtils - Java command - com.intellij.rt.testng.RemoteTestNGStarter -usedefaultlisteners false -socket60780 @w@C:\Users\DANIEL~1\AppData\Local\Temp\idea_working_dirs_testng1.tmp -temp C:\Users\DANIEL~1\AppData\Local\Temp\idea_testng1.tmp
17:30:15.080 [main] DEBUG c.b.utils.FrameworkDetectionUtils - Test classes detected: 
17:30:15.087 [main] DEBUG c.b.utils.FrameworkDetectionUtils - Runner: testng, Engine: none
17:30:15.131 [main] DEBUG c.b.utils.FrameworkDetectionUtils - Runner: testng, Engine: none from dependencies
17:30:15.131 [main] DEBUG c.b.utils.FrameworkDetectionUtils - Detected final framework as: testng
17:30:15.131 [main] DEBUG c.browserstack.BrowserStackJavaAgent - JavaAgent Version 1.21.0
17:30:15.138 [main] DEBUG c.b.utils.ExitSignalHandler - Registered handler for INT
17:30:15.138 [main] DEBUG c.b.utils.ExitSignalHandler - Registered handler for TERM
17:30:15.138 [main] DEBUG c.b.utils.ExitSignalHandler - Unable to attach signal handler for HUP Unknown signal: HUP
17:30:15.138 [main] DEBUG c.b.utils.ExitSignalHandler - Registered handler for ABRT
17:30:15.940 [Thread-1] DEBUG c.browserstack.utils.UtilityMethods - NEXT HUBS ARE: ["hub-euw.browserstack.com","hub-use.browserstack.com","hub-aps.browserstack.com"]
17:30:16.499 [main] DEBUG c.browserstack.utils.UtilityMethods - EXECUTION TIME OF hub-euw.browserstack.com HUB IS: 557ms
17:30:17.452 [main] DEBUG c.browserstack.utils.UtilityMethods - EXECUTION TIME OF hub-use.browserstack.com HUB IS: 949ms
17:30:18.432 [main] DEBUG c.browserstack.utils.UtilityMethods - EXECUTION TIME OF hub-aps.browserstack.com HUB IS: 979ms
17:30:18.447 [main] DEBUG c.browserstack.utils.UtilityMethods - NEAREST HUB ALLOCATED IS - hub-euw.browserstack.com
17:30:18.460 [main] DEBUG c.b.utils.FunnelInstrumentation - Sending funnel data for SDKTestAttempted with data: {"event_type":"SDKTestAttempted","accessKey":"P3pYBxyo5M83JkXUppxg","userName":"daniel_Yqbm85","event_properties":{"product":"[app-automate, observability]","buildName":"browserstack-build-1","os":"Windows 11","languageVersion":"17.0.9","appiumVersion":"7.5.1","frameworkDetectionInstrumentation":{"parseLoadClass":6,"parseDependencies":43},"language":"java","sdkRunId":"e9176073-61e8-469f-a84f-76b3350d424e","buildIdentifier":"#6","userFramework":"testng","testhub_uuid":"","detectedAppiumVersion":"null","detectedDependencies":"testng","productMap":{"app_automate":true,"accessibility":false,"automate":false,"percy":false,"observability":true},"referrer":"testng-javaagent\/1.21.0","hostname":"LAPTOP-MCPEJCJM","language_framework":"java_testng","detectedFramework":"testng","detectedSeleniumVersion":"3.141.59","seleniumVersion":"3.141.59"}}
17:30:19.033 [main] DEBUG c.b.utils.FunnelInstrumentation - API Event SDKTestAttempted response - {"message":"SDK Event recorded successfully"}
17:30:19.345 [main] DEBUG c.browserstack.testOps.RequestUtils - [ TESTHUB ] Processing Request Kind launchTestSession
17:30:19.345 [main] DEBUG c.browserstack.testOps.RequestUtils - [requestToTestOps] Sending Observability request: POST api/v2/builds with request size 1169
17:30:20.140 [main] DEBUG c.browserstack.testOps.RequestUtils - requestToTestOps: Response code: 200
17:30:20.142 [main] DEBUG com.browserstack.testOps.Listener - BROWSERSTACK_TESTHUB_UUID : jmyxh57zkfi6tuiqpv8f01g9o16hikb48bdclqu9
17:30:20.142 [main] DEBUG com.browserstack.testOps.Listener - [ TESTHUB ] Build creation successfull
17:30:20.159 [main] DEBUG com.browserstack.LocalFactory - Starting BrowserStack Local with identifier 14_אוק׳_1730_LAPTOP_MCPEJCJM_y1oC
17:30:26.608 [Thread-0] DEBUG c.browserstack.BrowserStackJavaAgent - Starting final execution
17:30:26.609 [Thread-0] DEBUG c.b.u.ObservabilityUtilityMethods - Processing batch requests with type: Global
17:30:26.610 [Thread-0] DEBUG c.browserstack.testOps.RequestUtils - [ TESTHUB ] Processing Request Kind stopBuildUpstream
17:30:26.610 [Thread-0] DEBUG c.browserstack.testOps.RequestUtils - [requestToTestOps] Sending Observability request: PUT api/v1/builds/jmyxh57zkfi6tuiqpv8f01g9o16hikb48bdclqu9/stop with request size 65
17:30:26.777 [Thread-0] DEBUG c.browserstack.testOps.RequestUtils - requestToTestOps: Response code: 200
17:30:26.777 [Thread-0] DEBUG com.browserstack.testOps.Listener - Testhub stop response: 
17:30:26.781 [Thread-0] DEBUG com.browserstack.testOps.UsageStats - getFormattedData: Collecting data for TestObservability
17:30:26.783 [Thread-0] DEBUG com.browserstack.testOps.UsageStats - getEventStats: Getting event data for TestObservability
17:30:26.787 [Thread-0] DEBUG com.browserstack.testOps.UsageStats - [OBSERVABILITY] Failed to parse data from workers
17:30:26.867 [Thread-0] DEBUG c.b.utils.FunnelInstrumentation - Sending funnel data for SDKTestSuccessful with data: {"event_type":"SDKTestSuccessful","accessKey":"P3pYBxyo5M83JkXUppxg","userName":"daniel_Yqbm85","event_properties":{"product":"[app-automate, observability]","buildName":"browserstack-build-1","globalException":"Initialization of BrowserStack Local failed Could not connect to local.browserstack.com due to Network issues. Please check your internet connection or if you are behind proxy please use our proxy options. For more details https:\/\/www.browserstack.com\/local-testing#modifiers.","os":"Windows 11","languageVersion":"17.0.9","appiumVersion":"7.5.1","frameworkDetectionInstrumentation":{"parseLoadClass":6,"parseDependencies":43},"language":"java","sdkRunId":"e9176073-61e8-469f-a84f-76b3350d424e","buildIdentifier":"#6","userFramework":"testng","testhub_uuid":"jmyxh57zkfi6tuiqpv8f01g9o16hikb48bdclqu9","detectedAppiumVersion":"null","detectedDependencies":"testng","productMap":{"app_automate":true,"accessibility":false,"automate":false,"percy":false,"observability":true},"referrer":"testng-javaagent\/1.21.0","hostname":"LAPTOP-MCPEJCJM","language_framework":"java_testng","detectedFramework":"testng","productUsage":{"testObservability":{"buildHashedId":"jmyxh57zkfi6tuiqpv8f01g9o16hikb48bdclqu9","manuallySet":false,"enabled":true,"events":{"hookEvents":{"started":{"errors":[],"sentCount":0,"failedCount":0,"triggeredCount":0},"finished":{"triggeredCount":0,"failedCount":0,"errors":[],"sentCount":0}},"logEvents":{"errors":[],"sentCount":0,"failedCount":0,"triggeredCount":0},"testEvents":{"started":{"errors":[],"sentCount":0,"failedCount":0,"triggeredCount":0},"finished":{"triggeredCount":0,"failedCount":0,"errors":[],"sentCount":0}},"batchEvents":{"triggeredCount":0,"failedCount":0,"errors":[],"sentCount":0},"cbtSessionEvents":{"errors":[],"sentCount":0,"failedCount":0,"triggeredCount":0},"buildEvents":{"started":{"error":null,"status":"success","triggered":true},"finished":{"error":null,"status":"success","triggered":true}}}}},"detectedSeleniumVersion":"3.141.59","browserStackConfig":{"browserstackLocal":true,"percy":false,"logLevel":"info","staticWebDriver":true,"autoDetectFramework":true,"percyCaptureMode":"MANUAL","browserStackLocalOptions":{"localIdentifier":"14_אוק׳_1730_LAPTOP_MCPEJCJM_y1oC","key":"****"},"percyOptions":null,"testContextOptions":{"skipSessionStatus":false,"serenityOverridePlugin":false,"skipSessionName":false},"platforms":[{"capabilities":{"platformVersion":12.0,"platformName":"android","deviceName":"Samsung Galaxy S22 Ultra"},"device":"Samsung Galaxy S22 Ultra","browser":null,"osVersion":null,"browserVersion":null,"os":null,"platformCaps":{"platformVersion":12.0,"platformName":"android","deviceName":"Samsung Galaxy S22 Ultra"},"platformString":"Samsung Galaxy S22 Ultra, 12.0","customVariables":"****"},{"capabilities":{"platformVersion":13.0,"platformName":"android","deviceName":"Google Pixel 7 Pro"},"device":"Google Pixel 7 Pro","browser":null,"osVersion":null,"browserVersion":null,"os":null,"platformCaps":{"platformVersion":13.0,"platformName":"android","deviceName":"Google Pixel 7 Pro"},"platformString":"Google Pixel 7 Pro, 13.0","customVariables":"****"},{"capabilities":{"platformVersion":11.0,"platformName":"android","deviceName":"OnePlus 9"},"device":"OnePlus 9","browser":null,"osVersion":null,"browserVersion":null,"os":null,"platformCaps":{"platformVersion":11.0,"platformName":"android","deviceName":"OnePlus 9"},"platformString":"OnePlus 9, 11.0","customVariables":"****"}],"parallelsPerPlatform":null,"framework":"testng","accessibility":false,"accessibilityOptions":{},"turboScaleOptions":{},"disableAutoCaptureLogs":true,"testObservability":true,"browserstackAutomation":true,"turboScale":false,"testObservabilityOptions":{},"gradleMConfig":null,"proxySettings":null},"seleniumVersion":"3.141.59"}}
17:30:27.221 [Thread-0] DEBUG c.b.utils.FunnelInstrumentation - API Event SDKTestSuccessful response - {"message":"SDK Event recorded successfully"}
17:30:29.355 [Thread-0] DEBUG c.browserstack.utils.UtilityMethods - Browserstack Gradle-M Config File does not exist.
17:31:11.253 [main] DEBUG c.b.config.BrowserStackConfig - Cli Config passed - {}
17:31:11.649 [main] DEBUG c.b.logger.BrowserstackLoggerFactory - Log Level set to TRACE for logger com.browserstack
17:31:11.649 [main] DEBUG c.b.logger.BrowserstackLoggerFactory - Log Level set to INFO for logger stdoutPrinter
17:31:11.875 [main] DEBUG c.b.utils.FrameworkDetectionUtils - Java command - com.intellij.rt.testng.RemoteTestNGStarter -usedefaultlisteners false -socket60800 @w@C:\Users\DANIEL~1\AppData\Local\Temp\idea_working_dirs_testng1.tmp -temp C:\Users\DANIEL~1\AppData\Local\Temp\idea_testng1.tmp
17:31:11.875 [main] DEBUG c.b.utils.FrameworkDetectionUtils - Test classes detected: 
17:31:11.882 [main] DEBUG c.b.utils.FrameworkDetectionUtils - Runner: testng, Engine: none
17:31:11.913 [main] DEBUG c.b.utils.FrameworkDetectionUtils - Runner: testng, Engine: none from dependencies
17:31:11.914 [main] DEBUG c.b.utils.FrameworkDetectionUtils - Detected final framework as: testng
17:31:11.914 [main] DEBUG c.browserstack.BrowserStackJavaAgent - JavaAgent Version 1.21.0
17:31:11.926 [main] DEBUG c.b.utils.ExitSignalHandler - Registered handler for INT
17:31:11.926 [main] DEBUG c.b.utils.ExitSignalHandler - Registered handler for TERM
17:31:11.926 [main] DEBUG c.b.utils.ExitSignalHandler - Unable to attach signal handler for HUP Unknown signal: HUP
17:31:11.927 [main] DEBUG c.b.utils.ExitSignalHandler - Registered handler for ABRT
17:31:12.555 [Thread-1] DEBUG c.browserstack.utils.UtilityMethods - NEXT HUBS ARE: ["hub-euw.browserstack.com","hub-use.browserstack.com","hub-aps.browserstack.com"]
17:31:12.957 [main] DEBUG c.browserstack.utils.UtilityMethods - EXECUTION TIME OF hub-euw.browserstack.com HUB IS: 396ms
17:31:13.745 [main] DEBUG c.browserstack.utils.UtilityMethods - EXECUTION TIME OF hub-use.browserstack.com HUB IS: 782ms
17:31:14.639 [main] DEBUG c.browserstack.utils.UtilityMethods - EXECUTION TIME OF hub-aps.browserstack.com HUB IS: 893ms
17:31:14.642 [main] DEBUG c.browserstack.utils.UtilityMethods - NEAREST HUB ALLOCATED IS - hub-euw.browserstack.com
17:31:14.654 [main] DEBUG c.b.utils.FunnelInstrumentation - Sending funnel data for SDKTestAttempted with data: {"event_type":"SDKTestAttempted","accessKey":"P3pYBxyo5M83JkXUppxg","userName":"daniel_Yqbm85","event_properties":{"product":"[app-automate, observability]","buildName":"browserstack-build-1","os":"Windows 11","languageVersion":"17.0.9","appiumVersion":"7.5.1","frameworkDetectionInstrumentation":{"parseLoadClass":5,"parseDependencies":31},"language":"java","sdkRunId":"9e94f14f-5cf7-41b0-896d-8de78d174bce","buildIdentifier":"#7","userFramework":"testng","testhub_uuid":"","detectedAppiumVersion":"null","detectedDependencies":"testng","productMap":{"app_automate":true,"accessibility":false,"automate":false,"percy":false,"observability":true},"referrer":"testng-javaagent\/1.21.0","hostname":"LAPTOP-MCPEJCJM","language_framework":"java_testng","detectedFramework":"testng","detectedSeleniumVersion":"3.141.59","seleniumVersion":"3.141.59"}}
17:31:15.064 [main] DEBUG c.b.utils.FunnelInstrumentation - API Event SDKTestAttempted response - {"message":"SDK Event recorded successfully"}
17:31:15.268 [main] DEBUG c.browserstack.testOps.RequestUtils - [ TESTHUB ] Processing Request Kind launchTestSession
17:31:15.269 [main] DEBUG c.browserstack.testOps.RequestUtils - [requestToTestOps] Sending Observability request: POST api/v2/builds with request size 1169
17:31:15.860 [main] DEBUG c.browserstack.testOps.RequestUtils - requestToTestOps: Response code: 200
17:31:15.861 [main] DEBUG com.browserstack.testOps.Listener - BROWSERSTACK_TESTHUB_UUID : mgajefwkby0j6zsilwnkba5zzr0qiugurcrz4mj1
17:31:15.861 [main] DEBUG com.browserstack.testOps.Listener - [ TESTHUB ] Build creation successfull
17:31:15.864 [main] DEBUG com.browserstack.LocalFactory - Starting BrowserStack Local with identifier 14_אוק׳_1731_LAPTOP_MCPEJCJM_DuO6
17:31:20.978 [Thread-0] DEBUG c.browserstack.BrowserStackJavaAgent - Starting final execution
17:31:20.979 [Thread-0] DEBUG c.b.u.ObservabilityUtilityMethods - Processing batch requests with type: Global
17:31:20.980 [Thread-0] DEBUG c.browserstack.testOps.RequestUtils - [ TESTHUB ] Processing Request Kind stopBuildUpstream
17:31:20.980 [Thread-0] DEBUG c.browserstack.testOps.RequestUtils - [requestToTestOps] Sending Observability request: PUT api/v1/builds/mgajefwkby0j6zsilwnkba5zzr0qiugurcrz4mj1/stop with request size 65
17:31:21.146 [Thread-0] DEBUG c.browserstack.testOps.RequestUtils - requestToTestOps: Response code: 200
17:31:21.146 [Thread-0] DEBUG com.browserstack.testOps.Listener - Testhub stop response: 
17:31:21.152 [Thread-0] DEBUG com.browserstack.testOps.UsageStats - getFormattedData: Collecting data for TestObservability
17:31:21.152 [Thread-0] DEBUG com.browserstack.testOps.UsageStats - getEventStats: Getting event data for TestObservability
17:31:21.158 [Thread-0] DEBUG com.browserstack.testOps.UsageStats - [OBSERVABILITY] Failed to parse data from workers
17:31:21.251 [Thread-0] DEBUG c.b.utils.FunnelInstrumentation - Sending funnel data for SDKTestSuccessful with data: {"event_type":"SDKTestSuccessful","accessKey":"P3pYBxyo5M83JkXUppxg","userName":"daniel_Yqbm85","event_properties":{"product":"[app-automate, observability]","buildName":"browserstack-build-1","globalException":"Initialization of BrowserStack Local failed Could not connect to local.browserstack.com due to Network issues. Please check your internet connection or if you are behind proxy please use our proxy options. For more details https:\/\/www.browserstack.com\/local-testing#modifiers.","os":"Windows 11","languageVersion":"17.0.9","appiumVersion":"7.5.1","frameworkDetectionInstrumentation":{"parseLoadClass":5,"parseDependencies":31},"language":"java","sdkRunId":"9e94f14f-5cf7-41b0-896d-8de78d174bce","buildIdentifier":"#7","userFramework":"testng","testhub_uuid":"mgajefwkby0j6zsilwnkba5zzr0qiugurcrz4mj1","detectedAppiumVersion":"null","detectedDependencies":"testng","productMap":{"app_automate":true,"accessibility":false,"automate":false,"percy":false,"observability":true},"referrer":"testng-javaagent\/1.21.0","hostname":"LAPTOP-MCPEJCJM","language_framework":"java_testng","detectedFramework":"testng","productUsage":{"testObservability":{"buildHashedId":"mgajefwkby0j6zsilwnkba5zzr0qiugurcrz4mj1","manuallySet":false,"enabled":true,"events":{"hookEvents":{"started":{"errors":[],"triggeredCount":0,"sentCount":0,"failedCount":0},"finished":{"triggeredCount":0,"failedCount":0,"errors":[],"sentCount":0}},"logEvents":{"errors":[],"triggeredCount":0,"sentCount":0,"failedCount":0},"testEvents":{"started":{"errors":[],"triggeredCount":0,"sentCount":0,"failedCount":0},"finished":{"triggeredCount":0,"failedCount":0,"errors":[],"sentCount":0}},"batchEvents":{"triggeredCount":0,"failedCount":0,"errors":[],"sentCount":0},"cbtSessionEvents":{"errors":[],"triggeredCount":0,"sentCount":0,"failedCount":0},"buildEvents":{"started":{"error":null,"triggered":true,"status":"success"},"finished":{"error":null,"triggered":true,"status":"success"}}}}},"detectedSeleniumVersion":"3.141.59","browserStackConfig":{"browserstackLocal":true,"percy":false,"logLevel":"info","staticWebDriver":true,"autoDetectFramework":true,"percyCaptureMode":"MANUAL","browserStackLocalOptions":{"localIdentifier":"14_אוק׳_1731_LAPTOP_MCPEJCJM_DuO6","key":"****"},"percyOptions":null,"testContextOptions":{"skipSessionStatus":false,"serenityOverridePlugin":false,"skipSessionName":false},"platforms":[{"capabilities":{"platformVersion":12.0,"platformName":"android","deviceName":"Samsung Galaxy S22 Ultra"},"browserVersion":null,"osVersion":null,"browser":null,"device":"Samsung Galaxy S22 Ultra","os":null,"platformCaps":{"platformVersion":12.0,"platformName":"android","deviceName":"Samsung Galaxy S22 Ultra"},"platformString":"Samsung Galaxy S22 Ultra, 12.0","customVariables":"****"},{"capabilities":{"platformVersion":13.0,"platformName":"android","deviceName":"Google Pixel 7 Pro"},"browserVersion":null,"osVersion":null,"browser":null,"device":"Google Pixel 7 Pro","os":null,"platformCaps":{"platformVersion":13.0,"platformName":"android","deviceName":"Google Pixel 7 Pro"},"platformString":"Google Pixel 7 Pro, 13.0","customVariables":"****"},{"capabilities":{"platformVersion":11.0,"platformName":"android","deviceName":"OnePlus 9"},"browserVersion":null,"osVersion":null,"browser":null,"device":"OnePlus 9","os":null,"platformCaps":{"platformVersion":11.0,"platformName":"android","deviceName":"OnePlus 9"},"platformString":"OnePlus 9, 11.0","customVariables":"****"}],"parallelsPerPlatform":null,"framework":"testng","accessibility":false,"accessibilityOptions":{},"turboScaleOptions":{},"disableAutoCaptureLogs":true,"testObservability":true,"browserstackAutomation":true,"turboScale":false,"testObservabilityOptions":{},"gradleMConfig":null,"proxySettings":null},"seleniumVersion":"3.141.59"}}
17:31:21.607 [Thread-0] DEBUG c.b.utils.FunnelInstrumentation - API Event SDKTestSuccessful response - {"message":"SDK Event recorded successfully"}
17:31:23.562 [Thread-0] DEBUG c.browserstack.utils.UtilityMethods - Browserstack Gradle-M Config File does not exist.
17:31:54.496 [main] DEBUG c.b.config.BrowserStackConfig - Cli Config passed - {}
17:31:54.892 [main] DEBUG c.b.logger.BrowserstackLoggerFactory - Log Level set to TRACE for logger com.browserstack
17:31:54.892 [main] DEBUG c.b.logger.BrowserstackLoggerFactory - Log Level set to INFO for logger stdoutPrinter
17:31:55.128 [main] DEBUG c.b.utils.FrameworkDetectionUtils - Java command - com.intellij.rt.testng.RemoteTestNGStarter -usedefaultlisteners false -socket60823 @w@C:\Users\DANIEL~1\AppData\Local\Temp\idea_working_dirs_testng1.tmp -temp C:\Users\DANIEL~1\AppData\Local\Temp\idea_testng1.tmp
17:31:55.128 [main] DEBUG c.b.utils.FrameworkDetectionUtils - Test classes detected: 
17:31:55.134 [main] DEBUG c.b.utils.FrameworkDetectionUtils - Runner: testng, Engine: none
17:31:55.169 [main] DEBUG c.b.utils.FrameworkDetectionUtils - Runner: testng, Engine: none from dependencies
17:31:55.169 [main] DEBUG c.b.utils.FrameworkDetectionUtils - Detected final framework as: testng
17:31:55.169 [main] DEBUG c.browserstack.BrowserStackJavaAgent - JavaAgent Version 1.21.0
17:31:55.174 [main] DEBUG c.b.utils.ExitSignalHandler - Registered handler for INT
17:31:55.174 [main] DEBUG c.b.utils.ExitSignalHandler - Registered handler for TERM
17:31:55.175 [main] DEBUG c.b.utils.ExitSignalHandler - Unable to attach signal handler for HUP Unknown signal: HUP
17:31:55.175 [main] DEBUG c.b.utils.ExitSignalHandler - Registered handler for ABRT
17:31:55.857 [Thread-1] DEBUG c.browserstack.utils.UtilityMethods - NEXT HUBS ARE: ["hub-euw.browserstack.com","hub-use.browserstack.com","hub-aps.browserstack.com"]
17:31:56.343 [main] DEBUG c.browserstack.utils.UtilityMethods - EXECUTION TIME OF hub-euw.browserstack.com HUB IS: 481ms
17:31:57.205 [main] DEBUG c.browserstack.utils.UtilityMethods - EXECUTION TIME OF hub-use.browserstack.com HUB IS: 859ms
17:31:58.225 [main] DEBUG c.browserstack.utils.UtilityMethods - EXECUTION TIME OF hub-aps.browserstack.com HUB IS: 1019ms
17:31:58.228 [main] DEBUG c.browserstack.utils.UtilityMethods - NEAREST HUB ALLOCATED IS - hub-euw.browserstack.com
17:31:58.249 [main] DEBUG c.b.utils.FunnelInstrumentation - Sending funnel data for SDKTestAttempted with data: {"event_type":"SDKTestAttempted","accessKey":"P3pYBxyo5M83JkXUppxg","userName":"daniel_Yqbm85","event_properties":{"product":"[app-automate, observability]","buildName":"browserstack-build-1","os":"Windows 11","languageVersion":"17.0.9","appiumVersion":"7.5.1","frameworkDetectionInstrumentation":{"parseLoadClass":5,"parseDependencies":35},"language":"java","sdkRunId":"b9862107-4fba-4547-bc87-9c130fd3b6fe","buildIdentifier":"#8","userFramework":"testng","testhub_uuid":"","detectedAppiumVersion":"null","detectedDependencies":"testng","productMap":{"app_automate":true,"accessibility":false,"automate":false,"percy":false,"observability":true},"referrer":"testng-javaagent\/1.21.0","hostname":"LAPTOP-MCPEJCJM","language_framework":"java_testng","detectedFramework":"testng","detectedSeleniumVersion":"3.141.59","seleniumVersion":"3.141.59"}}
17:31:58.733 [main] DEBUG c.b.utils.FunnelInstrumentation - API Event SDKTestAttempted response - {"message":"SDK Event recorded successfully"}
17:31:58.932 [main] DEBUG c.browserstack.testOps.RequestUtils - [ TESTHUB ] Processing Request Kind launchTestSession
17:31:58.932 [main] DEBUG c.browserstack.testOps.RequestUtils - [requestToTestOps] Sending Observability request: POST api/v2/builds with request size 1169
17:31:59.633 [main] DEBUG c.browserstack.testOps.RequestUtils - requestToTestOps: Response code: 200
17:31:59.635 [main] DEBUG com.browserstack.testOps.Listener - BROWSERSTACK_TESTHUB_UUID : mzr0xkvdroxll6dpllj7tsw2vdx1bn8zobrct3mg
17:31:59.635 [main] DEBUG com.browserstack.testOps.Listener - [ TESTHUB ] Build creation successfull
17:31:59.638 [main] DEBUG com.browserstack.LocalFactory - Starting BrowserStack Local with identifier 14_אוק׳_1731_LAPTOP_MCPEJCJM_VjIG
17:32:04.568 [Thread-0] DEBUG c.browserstack.BrowserStackJavaAgent - Starting final execution
17:32:04.570 [Thread-0] DEBUG c.b.u.ObservabilityUtilityMethods - Processing batch requests with type: Global
17:32:04.571 [Thread-0] DEBUG c.browserstack.testOps.RequestUtils - [ TESTHUB ] Processing Request Kind stopBuildUpstream
17:32:04.571 [Thread-0] DEBUG c.browserstack.testOps.RequestUtils - [requestToTestOps] Sending Observability request: PUT api/v1/builds/mzr0xkvdroxll6dpllj7tsw2vdx1bn8zobrct3mg/stop with request size 65
17:32:04.734 [Thread-0] DEBUG c.browserstack.testOps.RequestUtils - requestToTestOps: Response code: 200
17:32:04.734 [Thread-0] DEBUG com.browserstack.testOps.Listener - Testhub stop response: 
17:32:04.739 [Thread-0] DEBUG com.browserstack.testOps.UsageStats - getFormattedData: Collecting data for TestObservability
17:32:04.739 [Thread-0] DEBUG com.browserstack.testOps.UsageStats - getEventStats: Getting event data for TestObservability
17:32:04.741 [Thread-0] DEBUG com.browserstack.testOps.UsageStats - [OBSERVABILITY] Failed to parse data from workers
17:32:04.810 [Thread-0] DEBUG c.b.utils.FunnelInstrumentation - Sending funnel data for SDKTestSuccessful with data: {"event_type":"SDKTestSuccessful","accessKey":"P3pYBxyo5M83JkXUppxg","userName":"daniel_Yqbm85","event_properties":{"product":"[app-automate, observability]","buildName":"browserstack-build-1","globalException":"Initialization of BrowserStack Local failed Could not connect to local.browserstack.com due to Network issues. Please check your internet connection or if you are behind proxy please use our proxy options. For more details https:\/\/www.browserstack.com\/local-testing#modifiers.","os":"Windows 11","languageVersion":"17.0.9","appiumVersion":"7.5.1","frameworkDetectionInstrumentation":{"parseLoadClass":5,"parseDependencies":35},"language":"java","sdkRunId":"b9862107-4fba-4547-bc87-9c130fd3b6fe","buildIdentifier":"#8","userFramework":"testng","testhub_uuid":"mzr0xkvdroxll6dpllj7tsw2vdx1bn8zobrct3mg","detectedAppiumVersion":"null","detectedDependencies":"testng","productMap":{"app_automate":true,"accessibility":false,"automate":false,"percy":false,"observability":true},"referrer":"testng-javaagent\/1.21.0","hostname":"LAPTOP-MCPEJCJM","language_framework":"java_testng","detectedFramework":"testng","productUsage":{"testObservability":{"buildHashedId":"mzr0xkvdroxll6dpllj7tsw2vdx1bn8zobrct3mg","manuallySet":false,"enabled":true,"events":{"hookEvents":{"started":{"errors":[],"failedCount":0,"triggeredCount":0,"sentCount":0},"finished":{"triggeredCount":0,"failedCount":0,"errors":[],"sentCount":0}},"logEvents":{"errors":[],"failedCount":0,"triggeredCount":0,"sentCount":0},"testEvents":{"started":{"errors":[],"failedCount":0,"triggeredCount":0,"sentCount":0},"finished":{"triggeredCount":0,"failedCount":0,"errors":[],"sentCount":0}},"batchEvents":{"triggeredCount":0,"failedCount":0,"errors":[],"sentCount":0},"cbtSessionEvents":{"errors":[],"failedCount":0,"triggeredCount":0,"sentCount":0},"buildEvents":{"started":{"error":null,"status":"success","triggered":true},"finished":{"error":null,"status":"success","triggered":true}}}}},"detectedSeleniumVersion":"3.141.59","browserStackConfig":{"browserstackLocal":true,"percy":false,"logLevel":"info","staticWebDriver":true,"autoDetectFramework":true,"percyCaptureMode":"MANUAL","browserStackLocalOptions":{"localIdentifier":"14_אוק׳_1731_LAPTOP_MCPEJCJM_VjIG","key":"****"},"percyOptions":null,"testContextOptions":{"skipSessionName":false,"serenityOverridePlugin":false,"skipSessionStatus":false},"platforms":[{"os":null,"osVersion":null,"platformCaps":{"platformVersion":12.0,"platformName":"android","deviceName":"Samsung Galaxy S22 Ultra"},"capabilities":{"platformVersion":12.0,"platformName":"android","deviceName":"Samsung Galaxy S22 Ultra"},"browser":null,"browserVersion":null,"device":"Samsung Galaxy S22 Ultra","platformString":"Samsung Galaxy S22 Ultra, 12.0","customVariables":"****"},{"os":null,"osVersion":null,"platformCaps":{"platformVersion":13.0,"platformName":"android","deviceName":"Google Pixel 7 Pro"},"capabilities":{"platformVersion":13.0,"platformName":"android","deviceName":"Google Pixel 7 Pro"},"browser":null,"browserVersion":null,"device":"Google Pixel 7 Pro","platformString":"Google Pixel 7 Pro, 13.0","customVariables":"****"},{"os":null,"osVersion":null,"platformCaps":{"platformVersion":11.0,"platformName":"android","deviceName":"OnePlus 9"},"capabilities":{"platformVersion":11.0,"platformName":"android","deviceName":"OnePlus 9"},"browser":null,"browserVersion":null,"device":"OnePlus 9","platformString":"OnePlus 9, 11.0","customVariables":"****"}],"parallelsPerPlatform":null,"framework":"testng","accessibility":false,"accessibilityOptions":{},"turboScaleOptions":{},"disableAutoCaptureLogs":true,"testObservability":true,"browserstackAutomation":true,"turboScale":false,"testObservabilityOptions":{},"gradleMConfig":null,"proxySettings":null},"seleniumVersion":"3.141.59"}}
17:32:05.176 [Thread-0] DEBUG c.b.utils.FunnelInstrumentation - API Event SDKTestSuccessful response - {"message":"SDK Event recorded successfully"}
17:32:07.366 [Thread-0] DEBUG c.browserstack.utils.UtilityMethods - Browserstack Gradle-M Config File does not exist.
17:32:31.124 [main] DEBUG c.b.config.BrowserStackConfig - Cli Config passed - {}
17:32:31.514 [main] DEBUG c.b.logger.BrowserstackLoggerFactory - Log Level set to TRACE for logger com.browserstack
17:32:31.514 [main] DEBUG c.b.logger.BrowserstackLoggerFactory - Log Level set to INFO for logger stdoutPrinter
17:32:31.740 [main] DEBUG c.b.utils.FrameworkDetectionUtils - Java command - com.intellij.rt.testng.RemoteTestNGStarter -usedefaultlisteners false -socket60841 @w@C:\Users\DANIEL~1\AppData\Local\Temp\idea_working_dirs_testng1.tmp -temp C:\Users\DANIEL~1\AppData\Local\Temp\idea_testng1.tmp
17:32:31.741 [main] DEBUG c.b.utils.FrameworkDetectionUtils - Test classes detected: 
17:32:31.747 [main] DEBUG c.b.utils.FrameworkDetectionUtils - Runner: testng, Engine: none
17:32:31.774 [main] DEBUG c.b.utils.FrameworkDetectionUtils - Runner: testng, Engine: none from dependencies
17:32:31.775 [main] DEBUG c.b.utils.FrameworkDetectionUtils - Detected final framework as: testng
17:32:31.775 [main] DEBUG c.browserstack.BrowserStackJavaAgent - JavaAgent Version 1.21.0
17:32:31.779 [main] DEBUG c.b.utils.ExitSignalHandler - Registered handler for INT
17:32:31.779 [main] DEBUG c.b.utils.ExitSignalHandler - Registered handler for TERM
17:32:31.779 [main] DEBUG c.b.utils.ExitSignalHandler - Unable to attach signal handler for HUP Unknown signal: HUP
17:32:31.779 [main] DEBUG c.b.utils.ExitSignalHandler - Registered handler for ABRT
17:32:32.342 [Thread-1] DEBUG c.browserstack.utils.UtilityMethods - NEXT HUBS ARE: ["hub-euw.browserstack.com","hub-use.browserstack.com","hub-aps.browserstack.com"]
17:32:32.868 [main] DEBUG c.browserstack.utils.UtilityMethods - EXECUTION TIME OF hub-euw.browserstack.com HUB IS: 523ms
17:32:33.639 [main] DEBUG c.browserstack.utils.UtilityMethods - EXECUTION TIME OF hub-use.browserstack.com HUB IS: 769ms
17:32:34.561 [main] DEBUG c.browserstack.utils.UtilityMethods - EXECUTION TIME OF hub-aps.browserstack.com HUB IS: 921ms
17:32:34.563 [main] DEBUG c.browserstack.utils.UtilityMethods - NEAREST HUB ALLOCATED IS - hub-euw.browserstack.com
17:32:34.575 [main] DEBUG c.b.utils.FunnelInstrumentation - Sending funnel data for SDKTestAttempted with data: {"event_type":"SDKTestAttempted","accessKey":"P3pYBxyo5M83JkXUppxg","userName":"daniel_Yqbm85","event_properties":{"product":"[app-automate, observability]","buildName":"browserstack-build-1","os":"Windows 11","languageVersion":"17.0.9","appiumVersion":"7.5.1","frameworkDetectionInstrumentation":{"parseLoadClass":5,"parseDependencies":27},"language":"java","sdkRunId":"5dfc5735-e372-4348-b61b-410fd86edea4","buildIdentifier":"#9","userFramework":"testng","testhub_uuid":"","detectedAppiumVersion":"null","detectedDependencies":"testng","productMap":{"app_automate":true,"accessibility":false,"automate":false,"percy":false,"observability":true},"referrer":"testng-javaagent\/1.21.0","hostname":"LAPTOP-MCPEJCJM","language_framework":"java_testng","detectedFramework":"testng","detectedSeleniumVersion":"3.141.59","seleniumVersion":"3.141.59"}}
17:32:35.047 [main] DEBUG c.b.utils.FunnelInstrumentation - API Event SDKTestAttempted response - {"message":"SDK Event recorded successfully"}
17:32:35.239 [main] DEBUG c.browserstack.testOps.RequestUtils - [ TESTHUB ] Processing Request Kind launchTestSession
17:32:35.240 [main] DEBUG c.browserstack.testOps.RequestUtils - [requestToTestOps] Sending Observability request: POST api/v2/builds with request size 1169
17:32:35.853 [main] DEBUG c.browserstack.testOps.RequestUtils - requestToTestOps: Response code: 200
17:32:35.853 [main] DEBUG com.browserstack.testOps.Listener - BROWSERSTACK_TESTHUB_UUID : 7rese5x73xp5kid6oeekzc91hn5wplxwqpkh55q2
17:32:35.853 [main] DEBUG com.browserstack.testOps.Listener - [ TESTHUB ] Build creation successfull
17:32:35.857 [main] DEBUG com.browserstack.LocalFactory - Starting BrowserStack Local with identifier 14_אוק׳_1732_LAPTOP_MCPEJCJM_SSiB
17:32:41.109 [Thread-0] DEBUG c.browserstack.BrowserStackJavaAgent - Starting final execution
17:32:41.110 [Thread-0] DEBUG c.b.u.ObservabilityUtilityMethods - Processing batch requests with type: Global
17:32:41.112 [Thread-0] DEBUG c.browserstack.testOps.RequestUtils - [ TESTHUB ] Processing Request Kind stopBuildUpstream
17:32:41.112 [Thread-0] DEBUG c.browserstack.testOps.RequestUtils - [requestToTestOps] Sending Observability request: PUT api/v1/builds/7rese5x73xp5kid6oeekzc91hn5wplxwqpkh55q2/stop with request size 65
17:32:41.276 [Thread-0] DEBUG c.browserstack.testOps.RequestUtils - requestToTestOps: Response code: 200
17:32:41.277 [Thread-0] DEBUG com.browserstack.testOps.Listener - Testhub stop response: 
17:32:41.281 [Thread-0] DEBUG com.browserstack.testOps.UsageStats - getFormattedData: Collecting data for TestObservability
17:32:41.281 [Thread-0] DEBUG com.browserstack.testOps.UsageStats - getEventStats: Getting event data for TestObservability
17:32:41.287 [Thread-0] DEBUG com.browserstack.testOps.UsageStats - [OBSERVABILITY] Failed to parse data from workers
17:32:41.360 [Thread-0] DEBUG c.b.utils.FunnelInstrumentation - Sending funnel data for SDKTestSuccessful with data: {"event_type":"SDKTestSuccessful","accessKey":"P3pYBxyo5M83JkXUppxg","userName":"daniel_Yqbm85","event_properties":{"product":"[app-automate, observability]","buildName":"browserstack-build-1","globalException":"Initialization of BrowserStack Local failed Could not connect to local.browserstack.com due to Network issues. Please check your internet connection or if you are behind proxy please use our proxy options. For more details https:\/\/www.browserstack.com\/local-testing#modifiers.","os":"Windows 11","languageVersion":"17.0.9","appiumVersion":"7.5.1","frameworkDetectionInstrumentation":{"parseLoadClass":5,"parseDependencies":27},"language":"java","sdkRunId":"5dfc5735-e372-4348-b61b-410fd86edea4","buildIdentifier":"#9","userFramework":"testng","testhub_uuid":"7rese5x73xp5kid6oeekzc91hn5wplxwqpkh55q2","detectedAppiumVersion":"null","detectedDependencies":"testng","productMap":{"app_automate":true,"accessibility":false,"automate":false,"percy":false,"observability":true},"referrer":"testng-javaagent\/1.21.0","hostname":"LAPTOP-MCPEJCJM","language_framework":"java_testng","detectedFramework":"testng","productUsage":{"testObservability":{"buildHashedId":"7rese5x73xp5kid6oeekzc91hn5wplxwqpkh55q2","manuallySet":false,"enabled":true,"events":{"hookEvents":{"started":{"errors":[],"failedCount":0,"sentCount":0,"triggeredCount":0},"finished":{"triggeredCount":0,"failedCount":0,"errors":[],"sentCount":0}},"logEvents":{"errors":[],"failedCount":0,"sentCount":0,"triggeredCount":0},"testEvents":{"started":{"errors":[],"failedCount":0,"sentCount":0,"triggeredCount":0},"finished":{"triggeredCount":0,"failedCount":0,"errors":[],"sentCount":0}},"batchEvents":{"triggeredCount":0,"failedCount":0,"errors":[],"sentCount":0},"cbtSessionEvents":{"errors":[],"failedCount":0,"sentCount":0,"triggeredCount":0},"buildEvents":{"started":{"error":null,"status":"success","triggered":true},"finished":{"error":null,"status":"success","triggered":true}}}}},"detectedSeleniumVersion":"3.141.59","browserStackConfig":{"browserstackLocal":true,"percy":false,"logLevel":"info","staticWebDriver":true,"autoDetectFramework":true,"percyCaptureMode":"MANUAL","browserStackLocalOptions":{"localIdentifier":"14_אוק׳_1732_LAPTOP_MCPEJCJM_SSiB","key":"****"},"percyOptions":null,"testContextOptions":{"skipSessionName":false,"skipSessionStatus":false,"serenityOverridePlugin":false},"platforms":[{"capabilities":{"platformVersion":12.0,"platformName":"android","deviceName":"Samsung Galaxy S22 Ultra"},"os":null,"osVersion":null,"browser":null,"browserVersion":null,"device":"Samsung Galaxy S22 Ultra","platformCaps":{"platformVersion":12.0,"platformName":"android","deviceName":"Samsung Galaxy S22 Ultra"},"platformString":"Samsung Galaxy S22 Ultra, 12.0","customVariables":"****"},{"capabilities":{"platformVersion":13.0,"platformName":"android","deviceName":"Google Pixel 7 Pro"},"os":null,"osVersion":null,"browser":null,"browserVersion":null,"device":"Google Pixel 7 Pro","platformCaps":{"platformVersion":13.0,"platformName":"android","deviceName":"Google Pixel 7 Pro"},"platformString":"Google Pixel 7 Pro, 13.0","customVariables":"****"},{"capabilities":{"platformVersion":11.0,"platformName":"android","deviceName":"OnePlus 9"},"os":null,"osVersion":null,"browser":null,"browserVersion":null,"device":"OnePlus 9","platformCaps":{"platformVersion":11.0,"platformName":"android","deviceName":"OnePlus 9"},"platformString":"OnePlus 9, 11.0","customVariables":"****"}],"parallelsPerPlatform":null,"framework":"testng","accessibility":false,"accessibilityOptions":{},"turboScaleOptions":{},"disableAutoCaptureLogs":true,"testObservability":true,"browserstackAutomation":true,"turboScale":false,"testObservabilityOptions":{},"gradleMConfig":null,"proxySettings":null},"seleniumVersion":"3.141.59"}}
17:32:41.703 [Thread-0] DEBUG c.b.utils.FunnelInstrumentation - API Event SDKTestSuccessful response - {"message":"SDK Event recorded successfully"}
17:32:43.795 [Thread-0] DEBUG c.browserstack.utils.UtilityMethods - Browserstack Gradle-M Config File does not exist.
17:34:51.790 [main] DEBUG c.b.config.BrowserStackConfig - Cli Config passed - {}
17:34:52.205 [main] DEBUG c.b.logger.BrowserstackLoggerFactory - Log Level set to TRACE for logger com.browserstack
17:34:52.205 [main] DEBUG c.b.logger.BrowserstackLoggerFactory - Log Level set to INFO for logger stdoutPrinter
17:34:52.437 [main] DEBUG c.b.utils.FrameworkDetectionUtils - Java command - com.intellij.rt.testng.RemoteTestNGStarter -usedefaultlisteners false -socket60862 @w@C:\Users\DANIEL~1\AppData\Local\Temp\idea_working_dirs_testng1.tmp -temp C:\Users\DANIEL~1\AppData\Local\Temp\idea_testng1.tmp
17:34:52.437 [main] DEBUG c.b.utils.FrameworkDetectionUtils - Test classes detected: 
17:34:52.442 [main] DEBUG c.b.utils.FrameworkDetectionUtils - Runner: testng, Engine: none
17:34:52.482 [main] DEBUG c.b.utils.FrameworkDetectionUtils - Runner: testng, Engine: none from dependencies
17:34:52.482 [main] DEBUG c.b.utils.FrameworkDetectionUtils - Detected final framework as: testng
17:34:52.482 [main] DEBUG c.browserstack.BrowserStackJavaAgent - JavaAgent Version 1.21.0
17:34:52.486 [main] DEBUG c.b.utils.ExitSignalHandler - Registered handler for INT
17:34:52.486 [main] DEBUG c.b.utils.ExitSignalHandler - Registered handler for TERM
17:34:52.487 [main] DEBUG c.b.utils.ExitSignalHandler - Unable to attach signal handler for HUP Unknown signal: HUP
17:34:52.487 [main] DEBUG c.b.utils.ExitSignalHandler - Registered handler for ABRT
17:34:53.192 [Thread-1] DEBUG c.browserstack.utils.UtilityMethods - NEXT HUBS ARE: ["hub-euw.browserstack.com","hub-use.browserstack.com","hub-aps.browserstack.com"]
17:34:53.663 [main] DEBUG c.browserstack.utils.UtilityMethods - EXECUTION TIME OF hub-euw.browserstack.com HUB IS: 469ms
17:34:54.638 [main] DEBUG c.browserstack.utils.UtilityMethods - EXECUTION TIME OF hub-use.browserstack.com HUB IS: 968ms
17:34:55.758 [main] DEBUG c.browserstack.utils.UtilityMethods - EXECUTION TIME OF hub-aps.browserstack.com HUB IS: 1119ms
17:34:55.762 [main] DEBUG c.browserstack.utils.UtilityMethods - NEAREST HUB ALLOCATED IS - hub-euw.browserstack.com
17:34:55.784 [main] DEBUG c.b.utils.FunnelInstrumentation - Sending funnel data for SDKTestAttempted with data: {"event_type":"SDKTestAttempted","accessKey":"P3pYBxyo5M83JkXUppxg","userName":"daniel_Yqbm85","event_properties":{"product":"[app-automate, observability]","buildName":"browserstack-build-1","os":"Windows 11","languageVersion":"17.0.9","appiumVersion":"7.5.1","frameworkDetectionInstrumentation":{"parseLoadClass":4,"parseDependencies":39},"language":"java","sdkRunId":"8c829b6e-dfde-49aa-800a-9db09333d473","buildIdentifier":"#10","userFramework":"testng","testhub_uuid":"","detectedAppiumVersion":"null","detectedDependencies":"testng","productMap":{"app_automate":true,"accessibility":false,"automate":false,"percy":false,"observability":true},"referrer":"testng-javaagent\/1.21.0","hostname":"LAPTOP-MCPEJCJM","language_framework":"java_testng","detectedFramework":"testng","detectedSeleniumVersion":"3.141.59","seleniumVersion":"3.141.59"}}
17:34:56.249 [main] DEBUG c.b.utils.FunnelInstrumentation - API Event SDKTestAttempted response - {"message":"SDK Event recorded successfully"}
17:34:56.444 [main] DEBUG c.browserstack.testOps.RequestUtils - [ TESTHUB ] Processing Request Kind launchTestSession
17:34:56.444 [main] DEBUG c.browserstack.testOps.RequestUtils - [requestToTestOps] Sending Observability request: POST api/v2/builds with request size 1170
17:34:57.202 [main] DEBUG c.browserstack.testOps.RequestUtils - requestToTestOps: Response code: 200
17:34:57.203 [main] DEBUG com.browserstack.testOps.Listener - BROWSERSTACK_TESTHUB_UUID : mszopehd6goqfm03evziydtfvyjamhvufdrkkk7c
17:34:57.203 [main] DEBUG com.browserstack.testOps.Listener - [ TESTHUB ] Build creation successfull
17:34:57.214 [main] DEBUG com.browserstack.LocalFactory - Starting BrowserStack Local with identifier 14_אוק׳_1734_LAPTOP_MCPEJCJM_ANMn
17:35:02.233 [Thread-0] DEBUG c.browserstack.BrowserStackJavaAgent - Starting final execution
17:35:02.234 [Thread-0] DEBUG c.b.u.ObservabilityUtilityMethods - Processing batch requests with type: Global
17:35:02.235 [Thread-0] DEBUG c.browserstack.testOps.RequestUtils - [ TESTHUB ] Processing Request Kind stopBuildUpstream
17:35:02.235 [Thread-0] DEBUG c.browserstack.testOps.RequestUtils - [requestToTestOps] Sending Observability request: PUT api/v1/builds/mszopehd6goqfm03evziydtfvyjamhvufdrkkk7c/stop with request size 65
17:35:02.418 [Thread-0] DEBUG c.browserstack.testOps.RequestUtils - requestToTestOps: Response code: 200
17:35:02.418 [Thread-0] DEBUG com.browserstack.testOps.Listener - Testhub stop response: 
17:35:02.424 [Thread-0] DEBUG com.browserstack.testOps.UsageStats - getFormattedData: Collecting data for TestObservability
17:35:02.424 [Thread-0] DEBUG com.browserstack.testOps.UsageStats - getEventStats: Getting event data for TestObservability
17:35:02.428 [Thread-0] DEBUG com.browserstack.testOps.UsageStats - [OBSERVABILITY] Failed to parse data from workers
17:35:02.523 [Thread-0] DEBUG c.b.utils.FunnelInstrumentation - Sending funnel data for SDKTestSuccessful with data: {"event_type":"SDKTestSuccessful","accessKey":"P3pYBxyo5M83JkXUppxg","userName":"daniel_Yqbm85","event_properties":{"product":"[app-automate, observability]","buildName":"browserstack-build-1","globalException":"Initialization of BrowserStack Local failed Could not connect to local.browserstack.com due to Network issues. Please check your internet connection or if you are behind proxy please use our proxy options. For more details https:\/\/www.browserstack.com\/local-testing#modifiers.","os":"Windows 11","languageVersion":"17.0.9","appiumVersion":"7.5.1","frameworkDetectionInstrumentation":{"parseLoadClass":4,"parseDependencies":39},"language":"java","sdkRunId":"8c829b6e-dfde-49aa-800a-9db09333d473","buildIdentifier":"#10","userFramework":"testng","testhub_uuid":"mszopehd6goqfm03evziydtfvyjamhvufdrkkk7c","detectedAppiumVersion":"null","detectedDependencies":"testng","productMap":{"app_automate":true,"accessibility":false,"automate":false,"percy":false,"observability":true},"referrer":"testng-javaagent\/1.21.0","hostname":"LAPTOP-MCPEJCJM","language_framework":"java_testng","detectedFramework":"testng","productUsage":{"testObservability":{"buildHashedId":"mszopehd6goqfm03evziydtfvyjamhvufdrkkk7c","manuallySet":false,"enabled":true,"events":{"hookEvents":{"started":{"errors":[],"failedCount":0,"triggeredCount":0,"sentCount":0},"finished":{"triggeredCount":0,"failedCount":0,"errors":[],"sentCount":0}},"logEvents":{"errors":[],"failedCount":0,"triggeredCount":0,"sentCount":0},"testEvents":{"started":{"errors":[],"failedCount":0,"triggeredCount":0,"sentCount":0},"finished":{"triggeredCount":0,"failedCount":0,"errors":[],"sentCount":0}},"batchEvents":{"triggeredCount":0,"failedCount":0,"errors":[],"sentCount":0},"cbtSessionEvents":{"errors":[],"failedCount":0,"triggeredCount":0,"sentCount":0},"buildEvents":{"started":{"error":null,"triggered":true,"status":"success"},"finished":{"error":null,"triggered":true,"status":"success"}}}}},"detectedSeleniumVersion":"3.141.59","browserStackConfig":{"browserstackLocal":true,"percy":false,"logLevel":"info","staticWebDriver":true,"autoDetectFramework":true,"percyCaptureMode":"MANUAL","browserStackLocalOptions":{"localIdentifier":"14_אוק׳_1734_LAPTOP_MCPEJCJM_ANMn","key":"****"},"percyOptions":null,"testContextOptions":{"skipSessionStatus":false,"serenityOverridePlugin":false,"skipSessionName":false},"platforms":[{"browserVersion":null,"os":null,"osVersion":null,"browser":null,"device":"Samsung Galaxy S22 Ultra","capabilities":{"platformVersion":12.0,"platformName":"android","deviceName":"Samsung Galaxy S22 Ultra"},"platformCaps":{"platformVersion":12.0,"platformName":"android","deviceName":"Samsung Galaxy S22 Ultra"},"platformString":"Samsung Galaxy S22 Ultra, 12.0","customVariables":"****"},{"browserVersion":null,"os":null,"osVersion":null,"browser":null,"device":"Google Pixel 7 Pro","capabilities":{"platformVersion":13.0,"platformName":"android","deviceName":"Google Pixel 7 Pro"},"platformCaps":{"platformVersion":13.0,"platformName":"android","deviceName":"Google Pixel 7 Pro"},"platformString":"Google Pixel 7 Pro, 13.0","customVariables":"****"},{"browserVersion":null,"os":null,"osVersion":null,"browser":null,"device":"OnePlus 9","capabilities":{"platformVersion":11.0,"platformName":"android","deviceName":"OnePlus 9"},"platformCaps":{"platformVersion":11.0,"platformName":"android","deviceName":"OnePlus 9"},"platformString":"OnePlus 9, 11.0","customVariables":"****"}],"parallelsPerPlatform":null,"framework":"testng","accessibility":false,"accessibilityOptions":{},"turboScaleOptions":{},"disableAutoCaptureLogs":true,"testObservability":true,"browserstackAutomation":true,"turboScale":false,"testObservabilityOptions":{},"gradleMConfig":null,"proxySettings":null},"seleniumVersion":"3.141.59"}}
17:35:02.865 [Thread-0] DEBUG c.b.utils.FunnelInstrumentation - API Event SDKTestSuccessful response - {"message":"SDK Event recorded successfully"}
17:35:05.044 [Thread-0] DEBUG c.browserstack.utils.UtilityMethods - Browserstack Gradle-M Config File does not exist.
17:43:13.059 [main] DEBUG c.b.config.BrowserStackConfig - Cli Config passed - {}
17:43:13.425 [main] DEBUG c.b.logger.BrowserstackLoggerFactory - Log Level set to TRACE for logger com.browserstack
17:43:13.427 [main] DEBUG c.b.logger.BrowserstackLoggerFactory - Log Level set to INFO for logger stdoutPrinter
17:43:13.648 [main] DEBUG c.b.utils.FrameworkDetectionUtils - Java command - com.intellij.rt.testng.RemoteTestNGStarter -usedefaultlisteners false -socket60898 @w@C:\Users\DANIEL~1\AppData\Local\Temp\idea_working_dirs_testng1.tmp -temp C:\Users\DANIEL~1\AppData\Local\Temp\idea_testng1.tmp
17:43:13.648 [main] DEBUG c.b.utils.FrameworkDetectionUtils - Test classes detected: 
17:43:13.653 [main] DEBUG c.b.utils.FrameworkDetectionUtils - Runner: testng, Engine: none
17:43:13.687 [main] DEBUG c.b.utils.FrameworkDetectionUtils - Runner: testng, Engine: none from dependencies
17:43:13.687 [main] DEBUG c.b.utils.FrameworkDetectionUtils - Detected final framework as: testng
17:43:13.687 [main] DEBUG c.browserstack.BrowserStackJavaAgent - JavaAgent Version 1.21.0
17:43:13.691 [main] DEBUG c.b.utils.ExitSignalHandler - Registered handler for INT
17:43:13.691 [main] DEBUG c.b.utils.ExitSignalHandler - Registered handler for TERM
17:43:13.692 [main] DEBUG c.b.utils.ExitSignalHandler - Unable to attach signal handler for HUP Unknown signal: HUP
17:43:13.692 [main] DEBUG c.b.utils.ExitSignalHandler - Registered handler for ABRT
17:43:14.562 [Thread-1] DEBUG c.browserstack.utils.UtilityMethods - NEXT HUBS ARE: ["hub-euw.browserstack.com","hub-use.browserstack.com","hub-aps.browserstack.com"]
17:43:15.454 [main] DEBUG c.browserstack.utils.UtilityMethods - EXECUTION TIME OF hub-euw.browserstack.com HUB IS: 888ms
17:43:16.334 [main] DEBUG c.browserstack.utils.UtilityMethods - EXECUTION TIME OF hub-use.browserstack.com HUB IS: 877ms
17:43:17.338 [main] DEBUG c.browserstack.utils.UtilityMethods - EXECUTION TIME OF hub-aps.browserstack.com HUB IS: 1003ms
17:43:17.340 [main] DEBUG c.browserstack.utils.UtilityMethods - NEAREST HUB ALLOCATED IS - hub-use.browserstack.com
17:43:17.352 [main] DEBUG c.b.utils.FunnelInstrumentation - Sending funnel data for SDKTestAttempted with data: {"event_type":"SDKTestAttempted","accessKey":"P3pYBxyo5M83JkXUppxg","userName":"daniel_Yqbm85","event_properties":{"product":"[app-automate, observability]","buildName":"browserstack-build-1","os":"Windows 11","languageVersion":"17.0.9","appiumVersion":"7.5.1","frameworkDetectionInstrumentation":{"parseLoadClass":4,"parseDependencies":34},"language":"java","sdkRunId":"a4fc8e66-16b8-426f-92dc-4b80a2c88147","buildIdentifier":"#11","userFramework":"testng","testhub_uuid":"","detectedAppiumVersion":"null","detectedDependencies":"testng","productMap":{"app_automate":true,"accessibility":false,"automate":false,"percy":false,"observability":true},"referrer":"testng-javaagent\/1.21.0","hostname":"LAPTOP-MCPEJCJM","language_framework":"java_testng","detectedFramework":"testng","detectedSeleniumVersion":"3.141.59","seleniumVersion":"3.141.59"}}
17:43:17.887 [main] DEBUG c.b.utils.FunnelInstrumentation - API Event SDKTestAttempted response - {"message":"SDK Event recorded successfully"}
17:43:18.087 [main] DEBUG c.browserstack.testOps.RequestUtils - [ TESTHUB ] Processing Request Kind launchTestSession
17:43:18.088 [main] DEBUG c.browserstack.testOps.RequestUtils - [requestToTestOps] Sending Observability request: POST api/v2/builds with request size 1170
17:43:18.882 [main] DEBUG c.browserstack.testOps.RequestUtils - requestToTestOps: Response code: 200
17:43:18.882 [main] DEBUG com.browserstack.testOps.Listener - BROWSERSTACK_TESTHUB_UUID : rubdfcz0ary3hjqtzuonuatgxwtc0fqgej2qrzgv
17:43:18.882 [main] DEBUG com.browserstack.testOps.Listener - [ TESTHUB ] Build creation successfull
17:43:18.886 [main] DEBUG com.browserstack.LocalFactory - Starting BrowserStack Local with identifier 14_אוק׳_1743_LAPTOP_MCPEJCJM_akpB
17:43:23.836 [Thread-0] DEBUG c.browserstack.BrowserStackJavaAgent - Starting final execution
17:43:23.837 [Thread-0] DEBUG c.b.u.ObservabilityUtilityMethods - Processing batch requests with type: Global
17:43:23.838 [Thread-0] DEBUG c.browserstack.testOps.RequestUtils - [ TESTHUB ] Processing Request Kind stopBuildUpstream
17:43:23.838 [Thread-0] DEBUG c.browserstack.testOps.RequestUtils - [requestToTestOps] Sending Observability request: PUT api/v1/builds/rubdfcz0ary3hjqtzuonuatgxwtc0fqgej2qrzgv/stop with request size 65
17:43:24.007 [Thread-0] DEBUG c.browserstack.testOps.RequestUtils - requestToTestOps: Response code: 200
17:43:24.007 [Thread-0] DEBUG com.browserstack.testOps.Listener - Testhub stop response: 
17:43:24.010 [Thread-0] DEBUG com.browserstack.testOps.UsageStats - getFormattedData: Collecting data for TestObservability
17:43:24.010 [Thread-0] DEBUG com.browserstack.testOps.UsageStats - getEventStats: Getting event data for TestObservability
17:43:24.013 [Thread-0] DEBUG com.browserstack.testOps.UsageStats - [OBSERVABILITY] Failed to parse data from workers
17:43:24.076 [Thread-0] DEBUG c.b.utils.FunnelInstrumentation - Sending funnel data for SDKTestSuccessful with data: {"event_type":"SDKTestSuccessful","accessKey":"P3pYBxyo5M83JkXUppxg","userName":"daniel_Yqbm85","event_properties":{"product":"[app-automate, observability]","buildName":"browserstack-build-1","globalException":"Initialization of BrowserStack Local failed Could not connect to local.browserstack.com due to Network issues. Please check your internet connection or if you are behind proxy please use our proxy options. For more details https:\/\/www.browserstack.com\/local-testing#modifiers.","os":"Windows 11","languageVersion":"17.0.9","appiumVersion":"7.5.1","frameworkDetectionInstrumentation":{"parseLoadClass":4,"parseDependencies":34},"language":"java","sdkRunId":"a4fc8e66-16b8-426f-92dc-4b80a2c88147","buildIdentifier":"#11","userFramework":"testng","testhub_uuid":"rubdfcz0ary3hjqtzuonuatgxwtc0fqgej2qrzgv","detectedAppiumVersion":"null","detectedDependencies":"testng","productMap":{"app_automate":true,"accessibility":false,"automate":false,"percy":false,"observability":true},"referrer":"testng-javaagent\/1.21.0","hostname":"LAPTOP-MCPEJCJM","language_framework":"java_testng","detectedFramework":"testng","productUsage":{"testObservability":{"buildHashedId":"rubdfcz0ary3hjqtzuonuatgxwtc0fqgej2qrzgv","manuallySet":false,"enabled":true,"events":{"hookEvents":{"started":{"errors":[],"triggeredCount":0,"failedCount":0,"sentCount":0},"finished":{"triggeredCount":0,"failedCount":0,"errors":[],"sentCount":0}},"logEvents":{"errors":[],"triggeredCount":0,"failedCount":0,"sentCount":0},"testEvents":{"started":{"errors":[],"triggeredCount":0,"failedCount":0,"sentCount":0},"finished":{"triggeredCount":0,"failedCount":0,"errors":[],"sentCount":0}},"batchEvents":{"triggeredCount":0,"failedCount":0,"errors":[],"sentCount":0},"cbtSessionEvents":{"errors":[],"triggeredCount":0,"failedCount":0,"sentCount":0},"buildEvents":{"started":{"error":null,"triggered":true,"status":"success"},"finished":{"error":null,"triggered":true,"status":"success"}}}}},"detectedSeleniumVersion":"3.141.59","browserStackConfig":{"browserstackLocal":true,"percy":false,"logLevel":"info","staticWebDriver":true,"autoDetectFramework":true,"percyCaptureMode":"MANUAL","browserStackLocalOptions":{"localIdentifier":"14_אוק׳_1743_LAPTOP_MCPEJCJM_akpB","key":"****"},"percyOptions":null,"testContextOptions":{"skipSessionStatus":false,"serenityOverridePlugin":false,"skipSessionName":false},"platforms":[{"capabilities":{"platformVersion":12.0,"platformName":"android","deviceName":"Samsung Galaxy S22 Ultra"},"os":null,"device":"Samsung Galaxy S22 Ultra","browser":null,"browserVersion":null,"osVersion":null,"platformCaps":{"platformVersion":12.0,"platformName":"android","deviceName":"Samsung Galaxy S22 Ultra"},"platformString":"Samsung Galaxy S22 Ultra, 12.0","customVariables":"****"},{"capabilities":{"platformVersion":13.0,"platformName":"android","deviceName":"Google Pixel 7 Pro"},"os":null,"device":"Google Pixel 7 Pro","browser":null,"browserVersion":null,"osVersion":null,"platformCaps":{"platformVersion":13.0,"platformName":"android","deviceName":"Google Pixel 7 Pro"},"platformString":"Google Pixel 7 Pro, 13.0","customVariables":"****"},{"capabilities":{"platformVersion":11.0,"platformName":"android","deviceName":"OnePlus 9"},"os":null,"device":"OnePlus 9","browser":null,"browserVersion":null,"osVersion":null,"platformCaps":{"platformVersion":11.0,"platformName":"android","deviceName":"OnePlus 9"},"platformString":"OnePlus 9, 11.0","customVariables":"****"}],"parallelsPerPlatform":null,"framework":"testng","accessibility":false,"accessibilityOptions":{},"turboScaleOptions":{},"disableAutoCaptureLogs":true,"testObservability":true,"browserstackAutomation":true,"turboScale":false,"testObservabilityOptions":{},"gradleMConfig":null,"proxySettings":null},"seleniumVersion":"3.141.59"}}
17:43:24.408 [Thread-0] DEBUG c.b.utils.FunnelInstrumentation - API Event SDKTestSuccessful response - {"message":"SDK Event recorded successfully"}
17:43:26.813 [Thread-0] DEBUG c.browserstack.utils.UtilityMethods - Browserstack Gradle-M Config File does not exist.
17:43:37.736 [main] DEBUG c.b.config.BrowserStackConfig - Cli Config passed - {}
17:43:38.103 [main] DEBUG c.b.logger.BrowserstackLoggerFactory - Log Level set to TRACE for logger com.browserstack
17:43:38.103 [main] DEBUG c.b.logger.BrowserstackLoggerFactory - Log Level set to INFO for logger stdoutPrinter
17:43:38.321 [main] DEBUG c.b.utils.FrameworkDetectionUtils - Java command - com.intellij.rt.testng.RemoteTestNGStarter -usedefaultlisteners false -socket60917 @w@C:\Users\DANIEL~1\AppData\Local\Temp\idea_working_dirs_testng1.tmp -temp C:\Users\DANIEL~1\AppData\Local\Temp\idea_testng1.tmp
17:43:38.322 [main] DEBUG c.b.utils.FrameworkDetectionUtils - Test classes detected: 
17:43:38.328 [main] DEBUG c.b.utils.FrameworkDetectionUtils - Runner: testng, Engine: none
17:43:38.362 [main] DEBUG c.b.utils.FrameworkDetectionUtils - Runner: testng, Engine: none from dependencies
17:43:38.362 [main] DEBUG c.b.utils.FrameworkDetectionUtils - Detected final framework as: testng
17:43:38.362 [main] DEBUG c.browserstack.BrowserStackJavaAgent - JavaAgent Version 1.21.0
17:43:38.367 [main] DEBUG c.b.utils.ExitSignalHandler - Registered handler for INT
17:43:38.367 [main] DEBUG c.b.utils.ExitSignalHandler - Registered handler for TERM
17:43:38.367 [main] DEBUG c.b.utils.ExitSignalHandler - Unable to attach signal handler for HUP Unknown signal: HUP
17:43:38.367 [main] DEBUG c.b.utils.ExitSignalHandler - Registered handler for ABRT
17:43:38.977 [Thread-1] DEBUG c.browserstack.utils.UtilityMethods - NEXT HUBS ARE: ["hub-euw.browserstack.com","hub-use.browserstack.com","hub-aps.browserstack.com"]
17:43:39.469 [main] DEBUG c.browserstack.utils.UtilityMethods - EXECUTION TIME OF hub-euw.browserstack.com HUB IS: 489ms
17:43:40.235 [main] DEBUG c.browserstack.utils.UtilityMethods - EXECUTION TIME OF hub-use.browserstack.com HUB IS: 763ms
17:43:41.138 [main] DEBUG c.browserstack.utils.UtilityMethods - EXECUTION TIME OF hub-aps.browserstack.com HUB IS: 902ms
17:43:41.142 [main] DEBUG c.browserstack.utils.UtilityMethods - NEAREST HUB ALLOCATED IS - hub-euw.browserstack.com
17:43:41.163 [main] DEBUG c.b.utils.FunnelInstrumentation - Sending funnel data for SDKTestAttempted with data: {"event_type":"SDKTestAttempted","accessKey":"P3pYBxyo5M83JkXUppxg","userName":"daniel_Yqbm85","event_properties":{"product":"[app-automate, observability]","buildName":"browserstack-build-1","os":"Windows 11","languageVersion":"17.0.9","appiumVersion":"7.5.1","frameworkDetectionInstrumentation":{"parseLoadClass":5,"parseDependencies":34},"language":"java","sdkRunId":"b552ecd9-4c18-487a-9417-88de05656462","buildIdentifier":"#12","userFramework":"testng","testhub_uuid":"","detectedAppiumVersion":"null","detectedDependencies":"testng","productMap":{"app_automate":true,"accessibility":false,"automate":false,"percy":false,"observability":true},"referrer":"testng-javaagent\/1.21.0","hostname":"LAPTOP-MCPEJCJM","language_framework":"java_testng","detectedFramework":"testng","detectedSeleniumVersion":"3.141.59","seleniumVersion":"3.141.59"}}
17:43:41.583 [main] DEBUG c.b.utils.FunnelInstrumentation - API Event SDKTestAttempted response - {"message":"SDK Event recorded successfully"}
17:43:41.772 [main] DEBUG c.browserstack.testOps.RequestUtils - [ TESTHUB ] Processing Request Kind launchTestSession
17:43:41.773 [main] DEBUG c.browserstack.testOps.RequestUtils - [requestToTestOps] Sending Observability request: POST api/v2/builds with request size 1170
17:43:42.331 [main] DEBUG c.browserstack.testOps.RequestUtils - requestToTestOps: Response code: 200
17:43:42.332 [main] DEBUG com.browserstack.testOps.Listener - BROWSERSTACK_TESTHUB_UUID : cw06mqzg9dydnzca9waiey1snfokahcdbfzsb03r
17:43:42.332 [main] DEBUG com.browserstack.testOps.Listener - [ TESTHUB ] Build creation successfull
17:43:42.335 [main] DEBUG com.browserstack.LocalFactory - Starting BrowserStack Local with identifier 14_אוק׳_1743_LAPTOP_MCPEJCJM_BSQv
17:43:47.244 [Thread-0] DEBUG c.browserstack.BrowserStackJavaAgent - Starting final execution
17:43:47.245 [Thread-0] DEBUG c.b.u.ObservabilityUtilityMethods - Processing batch requests with type: Global
17:43:47.245 [Thread-0] DEBUG c.browserstack.testOps.RequestUtils - [ TESTHUB ] Processing Request Kind stopBuildUpstream
17:43:47.245 [Thread-0] DEBUG c.browserstack.testOps.RequestUtils - [requestToTestOps] Sending Observability request: PUT api/v1/builds/cw06mqzg9dydnzca9waiey1snfokahcdbfzsb03r/stop with request size 65
17:43:47.462 [Thread-0] DEBUG c.browserstack.testOps.RequestUtils - requestToTestOps: Response code: 200
17:43:47.463 [Thread-0] DEBUG com.browserstack.testOps.Listener - Testhub stop response: 
17:43:47.466 [Thread-0] DEBUG com.browserstack.testOps.UsageStats - getFormattedData: Collecting data for TestObservability
17:43:47.467 [Thread-0] DEBUG com.browserstack.testOps.UsageStats - getEventStats: Getting event data for TestObservability
17:43:47.471 [Thread-0] DEBUG com.browserstack.testOps.UsageStats - [OBSERVABILITY] Failed to parse data from workers
17:43:47.530 [Thread-0] DEBUG c.b.utils.FunnelInstrumentation - Sending funnel data for SDKTestSuccessful with data: {"event_type":"SDKTestSuccessful","accessKey":"P3pYBxyo5M83JkXUppxg","userName":"daniel_Yqbm85","event_properties":{"product":"[app-automate, observability]","buildName":"browserstack-build-1","globalException":"Initialization of BrowserStack Local failed Could not connect to local.browserstack.com due to Network issues. Please check your internet connection or if you are behind proxy please use our proxy options. For more details https:\/\/www.browserstack.com\/local-testing#modifiers.","os":"Windows 11","languageVersion":"17.0.9","appiumVersion":"7.5.1","frameworkDetectionInstrumentation":{"parseLoadClass":5,"parseDependencies":34},"language":"java","sdkRunId":"b552ecd9-4c18-487a-9417-88de05656462","buildIdentifier":"#12","userFramework":"testng","testhub_uuid":"cw06mqzg9dydnzca9waiey1snfokahcdbfzsb03r","detectedAppiumVersion":"null","detectedDependencies":"testng","productMap":{"app_automate":true,"accessibility":false,"automate":false,"percy":false,"observability":true},"referrer":"testng-javaagent\/1.21.0","hostname":"LAPTOP-MCPEJCJM","language_framework":"java_testng","detectedFramework":"testng","productUsage":{"testObservability":{"buildHashedId":"cw06mqzg9dydnzca9waiey1snfokahcdbfzsb03r","manuallySet":false,"enabled":true,"events":{"hookEvents":{"started":{"errors":[],"sentCount":0,"failedCount":0,"triggeredCount":0},"finished":{"triggeredCount":0,"failedCount":0,"errors":[],"sentCount":0}},"logEvents":{"errors":[],"sentCount":0,"failedCount":0,"triggeredCount":0},"testEvents":{"started":{"errors":[],"sentCount":0,"failedCount":0,"triggeredCount":0},"finished":{"triggeredCount":0,"failedCount":0,"errors":[],"sentCount":0}},"batchEvents":{"triggeredCount":0,"failedCount":0,"errors":[],"sentCount":0},"cbtSessionEvents":{"errors":[],"sentCount":0,"failedCount":0,"triggeredCount":0},"buildEvents":{"started":{"error":null,"status":"success","triggered":true},"finished":{"error":null,"status":"success","triggered":true}}}}},"detectedSeleniumVersion":"3.141.59","browserStackConfig":{"browserstackLocal":true,"percy":false,"logLevel":"info","staticWebDriver":true,"autoDetectFramework":true,"percyCaptureMode":"MANUAL","browserStackLocalOptions":{"localIdentifier":"14_אוק׳_1743_LAPTOP_MCPEJCJM_BSQv","key":"****"},"percyOptions":null,"testContextOptions":{"skipSessionStatus":false,"skipSessionName":false,"serenityOverridePlugin":false},"platforms":[{"capabilities":{"platformVersion":12.0,"platformName":"android","deviceName":"Samsung Galaxy S22 Ultra"},"platformCaps":{"platformVersion":12.0,"platformName":"android","deviceName":"Samsung Galaxy S22 Ultra"},"osVersion":null,"browser":null,"os":null,"device":"Samsung Galaxy S22 Ultra","browserVersion":null,"platformString":"Samsung Galaxy S22 Ultra, 12.0","customVariables":"****"},{"capabilities":{"platformVersion":13.0,"platformName":"android","deviceName":"Google Pixel 7 Pro"},"platformCaps":{"platformVersion":13.0,"platformName":"android","deviceName":"Google Pixel 7 Pro"},"osVersion":null,"browser":null,"os":null,"device":"Google Pixel 7 Pro","browserVersion":null,"platformString":"Google Pixel 7 Pro, 13.0","customVariables":"****"},{"capabilities":{"platformVersion":11.0,"platformName":"android","deviceName":"OnePlus 9"},"platformCaps":{"platformVersion":11.0,"platformName":"android","deviceName":"OnePlus 9"},"osVersion":null,"browser":null,"os":null,"device":"OnePlus 9","browserVersion":null,"platformString":"OnePlus 9, 11.0","customVariables":"****"}],"parallelsPerPlatform":null,"framework":"testng","accessibility":false,"accessibilityOptions":{},"turboScaleOptions":{},"disableAutoCaptureLogs":true,"testObservability":true,"browserstackAutomation":true,"turboScale":false,"testObservabilityOptions":{},"gradleMConfig":null,"proxySettings":null},"seleniumVersion":"3.141.59"}}
17:43:47.910 [Thread-0] DEBUG c.b.utils.FunnelInstrumentation - API Event SDKTestSuccessful response - {"message":"SDK Event recorded successfully"}
17:43:50.288 [Thread-0] DEBUG c.browserstack.utils.UtilityMethods - Browserstack Gradle-M Config File does not exist.
11:56:01.301 [main] DEBUG c.b.config.BrowserStackConfig - Cli Config passed - {}
11:56:02.222 [main] DEBUG c.b.logger.BrowserstackLoggerFactory - Log Level set to TRACE for logger com.browserstack
11:56:02.223 [main] DEBUG c.b.logger.BrowserstackLoggerFactory - Log Level set to INFO for logger stdoutPrinter
11:56:02.741 [main] DEBUG c.b.utils.FrameworkDetectionUtils - Java command - com.intellij.rt.testng.RemoteTestNGStarter -usedefaultlisteners false -socket61622 @w@C:\Users\DANIEL~1\AppData\Local\Temp\idea_working_dirs_testng1.tmp -temp C:\Users\DANIEL~1\AppData\Local\Temp\idea_testng1.tmp
11:56:02.741 [main] DEBUG c.b.utils.FrameworkDetectionUtils - Test classes detected: 
11:56:02.769 [main] DEBUG c.b.utils.FrameworkDetectionUtils - Runner: testng, Engine: none
11:56:02.832 [main] DEBUG c.b.utils.FrameworkDetectionUtils - Runner: testng, Engine: none from dependencies
11:56:02.832 [main] DEBUG c.b.utils.FrameworkDetectionUtils - Detected final framework as: testng
11:56:02.833 [main] DEBUG c.browserstack.BrowserStackJavaAgent - JavaAgent Version 1.21.0
11:56:02.842 [main] DEBUG c.b.utils.ExitSignalHandler - Registered handler for INT
11:56:02.842 [main] DEBUG c.b.utils.ExitSignalHandler - Registered handler for TERM
11:56:02.842 [main] DEBUG c.b.utils.ExitSignalHandler - Unable to attach signal handler for HUP Unknown signal: HUP
11:56:02.842 [main] DEBUG c.b.utils.ExitSignalHandler - Registered handler for ABRT
11:56:03.869 [Thread-1] DEBUG c.browserstack.utils.UtilityMethods - NEXT HUBS ARE: ["hub-euw.browserstack.com","hub-use.browserstack.com","hub-aps.browserstack.com"]
11:56:04.345 [main] DEBUG c.browserstack.utils.UtilityMethods - EXECUTION TIME OF hub-euw.browserstack.com HUB IS: 471ms
11:56:05.340 [main] DEBUG c.browserstack.utils.UtilityMethods - EXECUTION TIME OF hub-use.browserstack.com HUB IS: 991ms
11:56:06.570 [main] DEBUG c.browserstack.utils.UtilityMethods - EXECUTION TIME OF hub-aps.browserstack.com HUB IS: 1227ms
11:56:06.584 [main] DEBUG c.browserstack.utils.UtilityMethods - NEAREST HUB ALLOCATED IS - hub-euw.browserstack.com
11:56:06.616 [main] DEBUG c.b.utils.FunnelInstrumentation - Sending funnel data for SDKTestAttempted with data: {"event_type":"SDKTestAttempted","accessKey":"P3pYBxyo5M83JkXUppxg","userName":"daniel_Yqbm85","event_properties":{"product":"[app-automate, observability]","buildName":"browserstack-build-1","os":"Windows 11","languageVersion":"17.0.9","appiumVersion":"7.5.1","frameworkDetectionInstrumentation":{"parseLoadClass":25,"parseDependencies":63},"language":"java","sdkRunId":"35cbe384-0aa9-4448-bb1f-8ffd17755a3f","buildIdentifier":"#13","userFramework":"testng","testhub_uuid":"","detectedAppiumVersion":"null","detectedDependencies":"testng","productMap":{"app_automate":true,"accessibility":false,"automate":false,"percy":false,"observability":true},"referrer":"testng-javaagent\/1.21.0","hostname":"LAPTOP-MCPEJCJM","language_framework":"java_testng","detectedFramework":"testng","detectedSeleniumVersion":"3.141.59","seleniumVersion":"3.141.59"}}
11:56:07.110 [main] DEBUG c.b.utils.FunnelInstrumentation - API Event SDKTestAttempted response - {"message":"SDK Event recorded successfully"}
11:56:07.644 [main] DEBUG c.browserstack.testOps.RequestUtils - [ TESTHUB ] Processing Request Kind launchTestSession
11:56:07.645 [main] DEBUG c.browserstack.testOps.RequestUtils - [requestToTestOps] Sending Observability request: POST api/v2/builds with request size 1170
11:56:08.422 [main] DEBUG c.browserstack.testOps.RequestUtils - requestToTestOps: Response code: 200
11:56:08.422 [main] DEBUG com.browserstack.testOps.Listener - BROWSERSTACK_TESTHUB_UUID : fg8hda2okls1ue4iepinrjdit17lvnjelagbrv8h
11:56:08.422 [main] DEBUG com.browserstack.testOps.Listener - [ TESTHUB ] Build creation successfull
11:56:08.442 [main] DEBUG com.browserstack.LocalFactory - Starting BrowserStack Local with identifier 15_אוק׳_1156_LAPTOP_MCPEJCJM_ht9D
11:56:19.049 [Thread-0] DEBUG c.browserstack.BrowserStackJavaAgent - Starting final execution
11:56:19.051 [Thread-0] DEBUG c.b.u.ObservabilityUtilityMethods - Processing batch requests with type: Global
11:56:19.053 [Thread-0] DEBUG c.browserstack.testOps.RequestUtils - [ TESTHUB ] Processing Request Kind stopBuildUpstream
11:56:19.053 [Thread-0] DEBUG c.browserstack.testOps.RequestUtils - [requestToTestOps] Sending Observability request: PUT api/v1/builds/fg8hda2okls1ue4iepinrjdit17lvnjelagbrv8h/stop with request size 65
11:56:19.268 [Thread-0] DEBUG c.browserstack.testOps.RequestUtils - requestToTestOps: Response code: 200
11:56:19.269 [Thread-0] DEBUG com.browserstack.testOps.Listener - Testhub stop response: 
11:56:19.274 [Thread-0] DEBUG com.browserstack.testOps.UsageStats - getFormattedData: Collecting data for TestObservability
11:56:19.274 [Thread-0] DEBUG com.browserstack.testOps.UsageStats - getEventStats: Getting event data for TestObservability
11:56:19.280 [Thread-0] DEBUG com.browserstack.testOps.UsageStats - [OBSERVABILITY] Failed to parse data from workers
11:56:19.409 [Thread-0] DEBUG c.b.utils.FunnelInstrumentation - Sending funnel data for SDKTestSuccessful with data: {"event_type":"SDKTestSuccessful","accessKey":"P3pYBxyo5M83JkXUppxg","userName":"daniel_Yqbm85","event_properties":{"product":"[app-automate, observability]","buildName":"browserstack-build-1","globalException":"Initialization of BrowserStack Local failed Could not connect to local.browserstack.com due to Network issues. Please check your internet connection or if you are behind proxy please use our proxy options. For more details https:\/\/www.browserstack.com\/local-testing#modifiers.","os":"Windows 11","languageVersion":"17.0.9","appiumVersion":"7.5.1","frameworkDetectionInstrumentation":{"parseLoadClass":25,"parseDependencies":63},"language":"java","sdkRunId":"35cbe384-0aa9-4448-bb1f-8ffd17755a3f","buildIdentifier":"#13","userFramework":"testng","testhub_uuid":"fg8hda2okls1ue4iepinrjdit17lvnjelagbrv8h","detectedAppiumVersion":"null","detectedDependencies":"testng","productMap":{"app_automate":true,"accessibility":false,"automate":false,"percy":false,"observability":true},"referrer":"testng-javaagent\/1.21.0","hostname":"LAPTOP-MCPEJCJM","language_framework":"java_testng","detectedFramework":"testng","productUsage":{"testObservability":{"buildHashedId":"fg8hda2okls1ue4iepinrjdit17lvnjelagbrv8h","manuallySet":false,"enabled":true,"events":{"hookEvents":{"started":{"errors":[],"sentCount":0,"triggeredCount":0,"failedCount":0},"finished":{"triggeredCount":0,"failedCount":0,"errors":[],"sentCount":0}},"logEvents":{"errors":[],"sentCount":0,"triggeredCount":0,"failedCount":0},"testEvents":{"started":{"errors":[],"sentCount":0,"triggeredCount":0,"failedCount":0},"finished":{"triggeredCount":0,"failedCount":0,"errors":[],"sentCount":0}},"batchEvents":{"triggeredCount":0,"failedCount":0,"errors":[],"sentCount":0},"cbtSessionEvents":{"errors":[],"sentCount":0,"triggeredCount":0,"failedCount":0},"buildEvents":{"started":{"error":null,"status":"success","triggered":true},"finished":{"error":null,"status":"success","triggered":true}}}}},"detectedSeleniumVersion":"3.141.59","browserStackConfig":{"browserstackLocal":true,"percy":false,"logLevel":"info","staticWebDriver":true,"autoDetectFramework":true,"percyCaptureMode":"MANUAL","browserStackLocalOptions":{"localIdentifier":"15_אוק׳_1156_LAPTOP_MCPEJCJM_ht9D","key":"****"},"percyOptions":null,"testContextOptions":{"skipSessionStatus":false,"serenityOverridePlugin":false,"skipSessionName":false},"platforms":[{"capabilities":{"platformVersion":12.0,"platformName":"android","deviceName":"Samsung Galaxy S22 Ultra"},"browser":null,"browserVersion":null,"os":null,"device":"Samsung Galaxy S22 Ultra","osVersion":null,"platformCaps":{"platformVersion":12.0,"platformName":"android","deviceName":"Samsung Galaxy S22 Ultra"},"platformString":"Samsung Galaxy S22 Ultra, 12.0","customVariables":"****"},{"capabilities":{"platformVersion":13.0,"platformName":"android","deviceName":"Google Pixel 7 Pro"},"browser":null,"browserVersion":null,"os":null,"device":"Google Pixel 7 Pro","osVersion":null,"platformCaps":{"platformVersion":13.0,"platformName":"android","deviceName":"Google Pixel 7 Pro"},"platformString":"Google Pixel 7 Pro, 13.0","customVariables":"****"},{"capabilities":{"platformVersion":11.0,"platformName":"android","deviceName":"OnePlus 9"},"browser":null,"browserVersion":null,"os":null,"device":"OnePlus 9","osVersion":null,"platformCaps":{"platformVersion":11.0,"platformName":"android","deviceName":"OnePlus 9"},"platformString":"OnePlus 9, 11.0","customVariables":"****"}],"parallelsPerPlatform":null,"framework":"testng","accessibility":false,"accessibilityOptions":{},"turboScaleOptions":{},"disableAutoCaptureLogs":true,"testObservability":true,"browserstackAutomation":true,"turboScale":false,"testObservabilityOptions":{},"gradleMConfig":null,"proxySettings":null},"seleniumVersion":"3.141.59"}}
11:56:19.781 [Thread-0] DEBUG c.b.utils.FunnelInstrumentation - API Event SDKTestSuccessful response - {"message":"SDK Event recorded successfully"}
11:56:22.240 [Thread-0] DEBUG c.browserstack.utils.UtilityMethods - Browserstack Gradle-M Config File does not exist.
11:58:23.691 [main] DEBUG c.b.config.BrowserStackConfig - Cli Config passed - {}
11:58:24.087 [main] DEBUG c.b.logger.BrowserstackLoggerFactory - Log Level set to TRACE for logger com.browserstack
11:58:24.087 [main] DEBUG c.b.logger.BrowserstackLoggerFactory - Log Level set to INFO for logger stdoutPrinter
11:58:24.319 [main] DEBUG c.b.utils.FrameworkDetectionUtils - Java command - com.intellij.rt.testng.RemoteTestNGStarter -usedefaultlisteners false -socket61681 @w@C:\Users\DANIEL~1\AppData\Local\Temp\idea_working_dirs_testng1.tmp -temp C:\Users\DANIEL~1\AppData\Local\Temp\idea_testng1.tmp
11:58:24.319 [main] DEBUG c.b.utils.FrameworkDetectionUtils - Test classes detected: 
11:58:24.325 [main] DEBUG c.b.utils.FrameworkDetectionUtils - Runner: testng, Engine: none
11:58:24.353 [main] DEBUG c.b.utils.FrameworkDetectionUtils - Runner: testng, Engine: none from dependencies
11:58:24.353 [main] DEBUG c.b.utils.FrameworkDetectionUtils - Detected final framework as: testng
11:58:24.353 [main] DEBUG c.browserstack.BrowserStackJavaAgent - JavaAgent Version 1.21.0
11:58:24.356 [main] DEBUG c.b.utils.ExitSignalHandler - Registered handler for INT
11:58:24.356 [main] DEBUG c.b.utils.ExitSignalHandler - Registered handler for TERM
11:58:24.357 [main] DEBUG c.b.utils.ExitSignalHandler - Unable to attach signal handler for HUP Unknown signal: HUP
11:58:24.357 [main] DEBUG c.b.utils.ExitSignalHandler - Registered handler for ABRT
11:58:25.180 [Thread-1] DEBUG c.browserstack.utils.UtilityMethods - NEXT HUBS ARE: ["hub-euw.browserstack.com","hub-use.browserstack.com","hub-aps.browserstack.com"]
11:58:25.834 [main] DEBUG c.browserstack.utils.UtilityMethods - EXECUTION TIME OF hub-euw.browserstack.com HUB IS: 651ms
11:58:27.399 [main] DEBUG c.browserstack.utils.UtilityMethods - EXECUTION TIME OF hub-use.browserstack.com HUB IS: 1558ms
11:58:28.553 [main] DEBUG c.browserstack.utils.UtilityMethods - EXECUTION TIME OF hub-aps.browserstack.com HUB IS: 1151ms
11:58:28.556 [main] DEBUG c.browserstack.utils.UtilityMethods - NEAREST HUB ALLOCATED IS - hub-euw.browserstack.com
11:58:28.580 [main] DEBUG c.b.utils.FunnelInstrumentation - Sending funnel data for SDKTestAttempted with data: {"event_type":"SDKTestAttempted","accessKey":"P3pYBxyo5M83JkXUppxg","userName":"daniel_Yqbm85","event_properties":{"product":"[app-automate, observability]","buildName":"browserstack-build-1","os":"Windows 11","languageVersion":"17.0.9","appiumVersion":"7.5.1","frameworkDetectionInstrumentation":{"parseLoadClass":5,"parseDependencies":28},"language":"java","sdkRunId":"fc0a0a92-0ba6-4fd8-b880-84c206d99c0d","buildIdentifier":"#14","userFramework":"testng","testhub_uuid":"","detectedAppiumVersion":"null","detectedDependencies":"testng","productMap":{"app_automate":true,"accessibility":false,"automate":false,"percy":false,"observability":true},"referrer":"testng-javaagent\/1.21.0","hostname":"LAPTOP-MCPEJCJM","language_framework":"java_testng","detectedFramework":"testng","detectedSeleniumVersion":"3.141.59","seleniumVersion":"3.141.59"}}
11:58:29.049 [main] DEBUG c.b.utils.FunnelInstrumentation - API Event SDKTestAttempted response - {"message":"SDK Event recorded successfully"}
11:58:29.287 [main] DEBUG c.browserstack.testOps.RequestUtils - [ TESTHUB ] Processing Request Kind launchTestSession
11:58:29.287 [main] DEBUG c.browserstack.testOps.RequestUtils - [requestToTestOps] Sending Observability request: POST api/v2/builds with request size 1170
11:58:30.137 [main] DEBUG c.browserstack.testOps.RequestUtils - requestToTestOps: Response code: 200
11:58:30.139 [main] DEBUG com.browserstack.testOps.Listener - BROWSERSTACK_TESTHUB_UUID : 1frysfqztswxmvclau9luymvoc5ufihz6ljzeouw
11:58:30.139 [main] DEBUG com.browserstack.testOps.Listener - [ TESTHUB ] Build creation successfull
11:58:30.144 [main] DEBUG com.browserstack.LocalFactory - Starting BrowserStack Local with identifier 15_אוק׳_1158_LAPTOP_MCPEJCJM_uQfq
11:58:35.971 [Thread-0] DEBUG c.browserstack.BrowserStackJavaAgent - Starting final execution
11:58:35.973 [Thread-0] DEBUG c.b.u.ObservabilityUtilityMethods - Processing batch requests with type: Global
11:58:35.974 [Thread-0] DEBUG c.browserstack.testOps.RequestUtils - [ TESTHUB ] Processing Request Kind stopBuildUpstream
11:58:35.974 [Thread-0] DEBUG c.browserstack.testOps.RequestUtils - [requestToTestOps] Sending Observability request: PUT api/v1/builds/1frysfqztswxmvclau9luymvoc5ufihz6ljzeouw/stop with request size 65
11:58:36.176 [Thread-0] DEBUG c.browserstack.testOps.RequestUtils - requestToTestOps: Response code: 200
11:58:36.177 [Thread-0] DEBUG com.browserstack.testOps.Listener - Testhub stop response: 
11:58:36.188 [Thread-0] DEBUG com.browserstack.testOps.UsageStats - getFormattedData: Collecting data for TestObservability
11:58:36.189 [Thread-0] DEBUG com.browserstack.testOps.UsageStats - getEventStats: Getting event data for TestObservability
11:58:36.199 [Thread-0] DEBUG com.browserstack.testOps.UsageStats - [OBSERVABILITY] Failed to parse data from workers
11:58:36.274 [Thread-0] DEBUG c.b.utils.FunnelInstrumentation - Sending funnel data for SDKTestSuccessful with data: {"event_type":"SDKTestSuccessful","accessKey":"P3pYBxyo5M83JkXUppxg","userName":"daniel_Yqbm85","event_properties":{"product":"[app-automate, observability]","buildName":"browserstack-build-1","globalException":"Initialization of BrowserStack Local failed Could not connect to local.browserstack.com due to Network issues. Please check your internet connection or if you are behind proxy please use our proxy options. For more details https:\/\/www.browserstack.com\/local-testing#modifiers.","os":"Windows 11","languageVersion":"17.0.9","appiumVersion":"7.5.1","frameworkDetectionInstrumentation":{"parseLoadClass":5,"parseDependencies":28},"language":"java","sdkRunId":"fc0a0a92-0ba6-4fd8-b880-84c206d99c0d","buildIdentifier":"#14","userFramework":"testng","testhub_uuid":"1frysfqztswxmvclau9luymvoc5ufihz6ljzeouw","detectedAppiumVersion":"null","detectedDependencies":"testng","productMap":{"app_automate":true,"accessibility":false,"automate":false,"percy":false,"observability":true},"referrer":"testng-javaagent\/1.21.0","hostname":"LAPTOP-MCPEJCJM","language_framework":"java_testng","detectedFramework":"testng","productUsage":{"testObservability":{"buildHashedId":"1frysfqztswxmvclau9luymvoc5ufihz6ljzeouw","manuallySet":false,"enabled":true,"events":{"hookEvents":{"started":{"errors":[],"triggeredCount":0,"sentCount":0,"failedCount":0},"finished":{"triggeredCount":0,"failedCount":0,"errors":[],"sentCount":0}},"logEvents":{"errors":[],"triggeredCount":0,"sentCount":0,"failedCount":0},"testEvents":{"started":{"errors":[],"triggeredCount":0,"sentCount":0,"failedCount":0},"finished":{"triggeredCount":0,"failedCount":0,"errors":[],"sentCount":0}},"batchEvents":{"triggeredCount":0,"failedCount":0,"errors":[],"sentCount":0},"cbtSessionEvents":{"errors":[],"triggeredCount":0,"sentCount":0,"failedCount":0},"buildEvents":{"started":{"error":null,"status":"success","triggered":true},"finished":{"error":null,"status":"success","triggered":true}}}}},"detectedSeleniumVersion":"3.141.59","browserStackConfig":{"browserstackLocal":true,"percy":false,"logLevel":"info","staticWebDriver":true,"autoDetectFramework":true,"percyCaptureMode":"MANUAL","browserStackLocalOptions":{"localIdentifier":"15_אוק׳_1158_LAPTOP_MCPEJCJM_uQfq","key":"****"},"percyOptions":null,"testContextOptions":{"serenityOverridePlugin":false,"skipSessionStatus":false,"skipSessionName":false},"platforms":[{"capabilities":{"platformVersion":12.0,"platformName":"android","deviceName":"Samsung Galaxy S22 Ultra"},"device":"Samsung Galaxy S22 Ultra","browserVersion":null,"browser":null,"osVersion":null,"os":null,"platformCaps":{"platformVersion":12.0,"platformName":"android","deviceName":"Samsung Galaxy S22 Ultra"},"platformString":"Samsung Galaxy S22 Ultra, 12.0","customVariables":"****"},{"capabilities":{"platformVersion":13.0,"platformName":"android","deviceName":"Google Pixel 7 Pro"},"device":"Google Pixel 7 Pro","browserVersion":null,"browser":null,"osVersion":null,"os":null,"platformCaps":{"platformVersion":13.0,"platformName":"android","deviceName":"Google Pixel 7 Pro"},"platformString":"Google Pixel 7 Pro, 13.0","customVariables":"****"},{"capabilities":{"platformVersion":11.0,"platformName":"android","deviceName":"OnePlus 9"},"device":"OnePlus 9","browserVersion":null,"browser":null,"osVersion":null,"os":null,"platformCaps":{"platformVersion":11.0,"platformName":"android","deviceName":"OnePlus 9"},"platformString":"OnePlus 9, 11.0","customVariables":"****"}],"parallelsPerPlatform":null,"framework":"testng","accessibility":false,"accessibilityOptions":{},"turboScaleOptions":{},"disableAutoCaptureLogs":true,"testObservability":true,"browserstackAutomation":true,"turboScale":false,"testObservabilityOptions":{},"gradleMConfig":null,"proxySettings":null},"seleniumVersion":"3.141.59"}}
11:58:36.602 [Thread-0] DEBUG c.b.utils.FunnelInstrumentation - API Event SDKTestSuccessful response - {"message":"SDK Event recorded successfully"}
11:58:39.048 [Thread-0] DEBUG c.browserstack.utils.UtilityMethods - Browserstack Gradle-M Config File does not exist.
12:00:22.708 [main] DEBUG c.b.config.BrowserStackConfig - Cli Config passed - {}
12:00:23.338 [main] DEBUG c.b.logger.BrowserstackLoggerFactory - Log Level set to TRACE for logger com.browserstack
12:00:23.338 [main] DEBUG c.b.logger.BrowserstackLoggerFactory - Log Level set to INFO for logger stdoutPrinter
12:00:23.633 [main] DEBUG c.b.utils.FrameworkDetectionUtils - Java command - com.intellij.rt.testng.RemoteTestNGStarter -usedefaultlisteners false -socket61711 @w@C:\Users\DANIEL~1\AppData\Local\Temp\idea_working_dirs_testng1.tmp -temp C:\Users\DANIEL~1\AppData\Local\Temp\idea_testng1.tmp
12:00:23.633 [main] DEBUG c.b.utils.FrameworkDetectionUtils - Test classes detected: 
12:00:23.653 [main] DEBUG c.b.utils.FrameworkDetectionUtils - Runner: testng, Engine: none
12:00:23.696 [main] DEBUG c.b.utils.FrameworkDetectionUtils - Runner: testng, Engine: none from dependencies
12:00:23.696 [main] DEBUG c.b.utils.FrameworkDetectionUtils - Detected final framework as: testng
12:00:23.696 [main] DEBUG c.browserstack.BrowserStackJavaAgent - JavaAgent Version 1.21.0
12:00:23.703 [main] DEBUG c.b.utils.ExitSignalHandler - Registered handler for INT
12:00:23.703 [main] DEBUG c.b.utils.ExitSignalHandler - Registered handler for TERM
12:00:23.703 [main] DEBUG c.b.utils.ExitSignalHandler - Unable to attach signal handler for HUP Unknown signal: HUP
12:00:23.703 [main] DEBUG c.b.utils.ExitSignalHandler - Registered handler for ABRT
12:00:24.613 [Thread-1] DEBUG c.browserstack.utils.UtilityMethods - NEXT HUBS ARE: ["hub-euw.browserstack.com","hub-use.browserstack.com","hub-aps.browserstack.com"]
12:00:25.084 [main] DEBUG c.browserstack.utils.UtilityMethods - EXECUTION TIME OF hub-euw.browserstack.com HUB IS: 467ms
12:00:26.153 [main] DEBUG c.browserstack.utils.UtilityMethods - EXECUTION TIME OF hub-use.browserstack.com HUB IS: 1067ms
12:00:27.242 [main] DEBUG c.browserstack.utils.UtilityMethods - EXECUTION TIME OF hub-aps.browserstack.com HUB IS: 1089ms
12:00:27.246 [main] DEBUG c.browserstack.utils.UtilityMethods - NEAREST HUB ALLOCATED IS - hub-euw.browserstack.com
12:00:27.277 [main] DEBUG c.b.utils.FunnelInstrumentation - Sending funnel data for SDKTestAttempted with data: {"event_type":"SDKTestAttempted","accessKey":"P3pYBxyo5M83JkXUppxg","userName":"daniel_Yqbm85","event_properties":{"product":"[app-automate, observability]","buildName":"browserstack-build-1","os":"Windows 11","languageVersion":"17.0.9","appiumVersion":"7.5.1","frameworkDetectionInstrumentation":{"parseLoadClass":19,"parseDependencies":42},"language":"java","sdkRunId":"b867e461-02c2-4641-ad91-96a547e166bd","buildIdentifier":"#15","userFramework":"testng","testhub_uuid":"","detectedAppiumVersion":"null","detectedDependencies":"testng","productMap":{"app_automate":true,"accessibility":false,"automate":false,"percy":false,"observability":true},"referrer":"testng-javaagent\/1.21.0","hostname":"LAPTOP-MCPEJCJM","language_framework":"java_testng","detectedFramework":"testng","detectedSeleniumVersion":"3.141.59","seleniumVersion":"3.141.59"}}
12:00:27.843 [main] DEBUG c.b.utils.FunnelInstrumentation - API Event SDKTestAttempted response - {"message":"SDK Event recorded successfully"}
12:00:28.159 [main] DEBUG c.browserstack.testOps.RequestUtils - [ TESTHUB ] Processing Request Kind launchTestSession
12:00:28.159 [main] DEBUG c.browserstack.testOps.RequestUtils - [requestToTestOps] Sending Observability request: POST api/v2/builds with request size 1170
12:00:28.879 [main] DEBUG c.browserstack.testOps.RequestUtils - requestToTestOps: Response code: 200
12:00:28.892 [main] DEBUG com.browserstack.testOps.Listener - BROWSERSTACK_TESTHUB_UUID : l8hwgxuncmsbiwvqejhdluyg5pqa0ebfqzzxxxns
12:00:28.892 [main] DEBUG com.browserstack.testOps.Listener - [ TESTHUB ] Build creation successfull
12:00:28.906 [main] DEBUG com.browserstack.LocalFactory - Starting BrowserStack Local with identifier 15_אוק׳_120_LAPTOP_MCPEJCJM_XFZM
12:00:34.904 [Thread-0] DEBUG c.browserstack.BrowserStackJavaAgent - Starting final execution
12:00:34.906 [Thread-0] DEBUG c.b.u.ObservabilityUtilityMethods - Processing batch requests with type: Global
12:00:34.907 [Thread-0] DEBUG c.browserstack.testOps.RequestUtils - [ TESTHUB ] Processing Request Kind stopBuildUpstream
12:00:34.907 [Thread-0] DEBUG c.browserstack.testOps.RequestUtils - [requestToTestOps] Sending Observability request: PUT api/v1/builds/l8hwgxuncmsbiwvqejhdluyg5pqa0ebfqzzxxxns/stop with request size 65
12:00:35.055 [Thread-0] DEBUG c.browserstack.testOps.RequestUtils - requestToTestOps: Response code: 200
12:00:35.055 [Thread-0] DEBUG com.browserstack.testOps.Listener - Testhub stop response: 
12:00:35.064 [Thread-0] DEBUG com.browserstack.testOps.UsageStats - getFormattedData: Collecting data for TestObservability
12:00:35.064 [Thread-0] DEBUG com.browserstack.testOps.UsageStats - getEventStats: Getting event data for TestObservability
12:00:35.071 [Thread-0] DEBUG com.browserstack.testOps.UsageStats - [OBSERVABILITY] Failed to parse data from workers
12:00:35.166 [Thread-0] DEBUG c.b.utils.FunnelInstrumentation - Sending funnel data for SDKTestSuccessful with data: {"event_type":"SDKTestSuccessful","accessKey":"P3pYBxyo5M83JkXUppxg","userName":"daniel_Yqbm85","event_properties":{"product":"[app-automate, observability]","buildName":"browserstack-build-1","globalException":"Initialization of BrowserStack Local failed Could not connect to local.browserstack.com due to Network issues. Please check your internet connection or if you are behind proxy please use our proxy options. For more details https:\/\/www.browserstack.com\/local-testing#modifiers.","os":"Windows 11","languageVersion":"17.0.9","appiumVersion":"7.5.1","frameworkDetectionInstrumentation":{"parseLoadClass":19,"parseDependencies":42},"language":"java","sdkRunId":"b867e461-02c2-4641-ad91-96a547e166bd","buildIdentifier":"#15","userFramework":"testng","testhub_uuid":"l8hwgxuncmsbiwvqejhdluyg5pqa0ebfqzzxxxns","detectedAppiumVersion":"null","detectedDependencies":"testng","productMap":{"app_automate":true,"accessibility":false,"automate":false,"percy":false,"observability":true},"referrer":"testng-javaagent\/1.21.0","hostname":"LAPTOP-MCPEJCJM","language_framework":"java_testng","detectedFramework":"testng","productUsage":{"testObservability":{"buildHashedId":"l8hwgxuncmsbiwvqejhdluyg5pqa0ebfqzzxxxns","manuallySet":false,"enabled":true,"events":{"hookEvents":{"started":{"errors":[],"failedCount":0,"sentCount":0,"triggeredCount":0},"finished":{"triggeredCount":0,"failedCount":0,"errors":[],"sentCount":0}},"logEvents":{"errors":[],"failedCount":0,"sentCount":0,"triggeredCount":0},"testEvents":{"started":{"errors":[],"failedCount":0,"sentCount":0,"triggeredCount":0},"finished":{"triggeredCount":0,"failedCount":0,"errors":[],"sentCount":0}},"batchEvents":{"triggeredCount":0,"failedCount":0,"errors":[],"sentCount":0},"cbtSessionEvents":{"errors":[],"failedCount":0,"sentCount":0,"triggeredCount":0},"buildEvents":{"started":{"error":null,"status":"success","triggered":true},"finished":{"error":null,"status":"success","triggered":true}}}}},"detectedSeleniumVersion":"3.141.59","browserStackConfig":{"browserstackLocal":true,"percy":false,"logLevel":"info","staticWebDriver":true,"autoDetectFramework":true,"percyCaptureMode":"MANUAL","browserStackLocalOptions":{"localIdentifier":"15_אוק׳_120_LAPTOP_MCPEJCJM_XFZM","key":"****"},"percyOptions":null,"testContextOptions":{"skipSessionName":false,"serenityOverridePlugin":false,"skipSessionStatus":false},"platforms":[{"capabilities":{"platformVersion":12.0,"platformName":"android","deviceName":"Samsung Galaxy S22 Ultra"},"os":null,"osVersion":null,"browser":null,"device":"Samsung Galaxy S22 Ultra","platformCaps":{"platformVersion":12.0,"platformName":"android","deviceName":"Samsung Galaxy S22 Ultra"},"browserVersion":null,"platformString":"Samsung Galaxy S22 Ultra, 12.0","customVariables":"****"},{"capabilities":{"platformVersion":13.0,"platformName":"android","deviceName":"Google Pixel 7 Pro"},"os":null,"osVersion":null,"browser":null,"device":"Google Pixel 7 Pro","platformCaps":{"platformVersion":13.0,"platformName":"android","deviceName":"Google Pixel 7 Pro"},"browserVersion":null,"platformString":"Google Pixel 7 Pro, 13.0","customVariables":"****"},{"capabilities":{"platformVersion":11.0,"platformName":"android","deviceName":"OnePlus 9"},"os":null,"osVersion":null,"browser":null,"device":"OnePlus 9","platformCaps":{"platformVersion":11.0,"platformName":"android","deviceName":"OnePlus 9"},"browserVersion":null,"platformString":"OnePlus 9, 11.0","customVariables":"****"}],"parallelsPerPlatform":null,"framework":"testng","accessibility":false,"accessibilityOptions":{},"turboScaleOptions":{},"disableAutoCaptureLogs":true,"testObservability":true,"browserstackAutomation":true,"turboScale":false,"testObservabilityOptions":{},"gradleMConfig":null,"proxySettings":null},"seleniumVersion":"3.141.59"}}
12:00:35.486 [Thread-0] DEBUG c.b.utils.FunnelInstrumentation - API Event SDKTestSuccessful response - {"message":"SDK Event recorded successfully"}
12:00:38.551 [Thread-0] DEBUG c.browserstack.utils.UtilityMethods - Browserstack Gradle-M Config File does not exist.
12:00:58.979 [main] DEBUG c.b.config.BrowserStackConfig - Cli Config passed - {}
12:00:59.571 [main] DEBUG c.b.logger.BrowserstackLoggerFactory - Log Level set to TRACE for logger com.browserstack
12:00:59.571 [main] DEBUG c.b.logger.BrowserstackLoggerFactory - Log Level set to INFO for logger stdoutPrinter
12:00:59.794 [main] DEBUG c.b.utils.FrameworkDetectionUtils - Java command - com.intellij.rt.testng.RemoteTestNGStarter -usedefaultlisteners false -socket61732 @w@C:\Users\DANIEL~1\AppData\Local\Temp\idea_working_dirs_testng1.tmp -temp C:\Users\DANIEL~1\AppData\Local\Temp\idea_testng1.tmp
12:00:59.795 [main] DEBUG c.b.utils.FrameworkDetectionUtils - Test classes detected: 
12:00:59.800 [main] DEBUG c.b.utils.FrameworkDetectionUtils - Runner: testng, Engine: none
12:00:59.830 [main] DEBUG c.b.utils.FrameworkDetectionUtils - Runner: testng, Engine: none from dependencies
12:00:59.830 [main] DEBUG c.b.utils.FrameworkDetectionUtils - Detected final framework as: testng
12:00:59.830 [main] DEBUG c.browserstack.BrowserStackJavaAgent - JavaAgent Version 1.21.0
12:00:59.836 [main] DEBUG c.b.utils.ExitSignalHandler - Registered handler for INT
12:00:59.836 [main] DEBUG c.b.utils.ExitSignalHandler - Registered handler for TERM
12:00:59.836 [main] DEBUG c.b.utils.ExitSignalHandler - Unable to attach signal handler for HUP Unknown signal: HUP
12:00:59.836 [main] DEBUG c.b.utils.ExitSignalHandler - Registered handler for ABRT
12:01:00.630 [Thread-1] DEBUG c.browserstack.utils.UtilityMethods - NEXT HUBS ARE: ["hub-euw.browserstack.com","hub-use.browserstack.com","hub-aps.browserstack.com"]
12:01:01.129 [main] DEBUG c.browserstack.utils.UtilityMethods - EXECUTION TIME OF hub-euw.browserstack.com HUB IS: 495ms
12:01:02.407 [main] DEBUG c.browserstack.utils.UtilityMethods - EXECUTION TIME OF hub-use.browserstack.com HUB IS: 1273ms
12:01:03.740 [main] DEBUG c.browserstack.utils.UtilityMethods - EXECUTION TIME OF hub-aps.browserstack.com HUB IS: 1332ms
12:01:03.747 [main] DEBUG c.browserstack.utils.UtilityMethods - NEAREST HUB ALLOCATED IS - hub-euw.browserstack.com
12:01:03.783 [main] DEBUG c.b.utils.FunnelInstrumentation - Sending funnel data for SDKTestAttempted with data: {"event_type":"SDKTestAttempted","accessKey":"P3pYBxyo5M83JkXUppxg","userName":"daniel_Yqbm85","event_properties":{"product":"[app-automate, observability]","buildName":"browserstack-build-1","os":"Windows 11","languageVersion":"17.0.9","appiumVersion":"7.5.1","frameworkDetectionInstrumentation":{"parseLoadClass":4,"parseDependencies":28},"language":"java","sdkRunId":"20e0fb6b-0f36-4eef-8d02-442e789a605c","buildIdentifier":"#16","userFramework":"testng","testhub_uuid":"","detectedAppiumVersion":"null","detectedDependencies":"testng","productMap":{"app_automate":true,"accessibility":false,"automate":false,"percy":false,"observability":true},"referrer":"testng-javaagent\/1.21.0","hostname":"LAPTOP-MCPEJCJM","language_framework":"java_testng","detectedFramework":"testng","detectedSeleniumVersion":"3.141.59","seleniumVersion":"3.141.59"}}
12:01:04.393 [main] DEBUG c.b.utils.FunnelInstrumentation - API Event SDKTestAttempted response - {"message":"SDK Event recorded successfully"}
12:01:04.642 [main] DEBUG c.browserstack.testOps.RequestUtils - [ TESTHUB ] Processing Request Kind launchTestSession
12:01:04.643 [main] DEBUG c.browserstack.testOps.RequestUtils - [requestToTestOps] Sending Observability request: POST api/v2/builds with request size 1170
12:01:05.398 [main] DEBUG c.browserstack.testOps.RequestUtils - requestToTestOps: Response code: 200
12:01:05.399 [main] DEBUG com.browserstack.testOps.Listener - BROWSERSTACK_TESTHUB_UUID : wbkqkchxfsl48iawdv45fubbxawuv0ketcezyswz
12:01:05.400 [main] DEBUG com.browserstack.testOps.Listener - [ TESTHUB ] Build creation successfull
12:01:05.413 [main] DEBUG com.browserstack.LocalFactory - Starting BrowserStack Local with identifier 15_אוק׳_120_LAPTOP_MCPEJCJM_nfky
12:01:10.534 [Thread-0] DEBUG c.browserstack.BrowserStackJavaAgent - Starting final execution
12:01:10.535 [Thread-0] DEBUG c.b.u.ObservabilityUtilityMethods - Processing batch requests with type: Global
12:01:10.536 [Thread-0] DEBUG c.browserstack.testOps.RequestUtils - [ TESTHUB ] Processing Request Kind stopBuildUpstream
12:01:10.536 [Thread-0] DEBUG c.browserstack.testOps.RequestUtils - [requestToTestOps] Sending Observability request: PUT api/v1/builds/wbkqkchxfsl48iawdv45fubbxawuv0ketcezyswz/stop with request size 65
12:01:10.698 [Thread-0] DEBUG c.browserstack.testOps.RequestUtils - requestToTestOps: Response code: 200
12:01:10.698 [Thread-0] DEBUG com.browserstack.testOps.Listener - Testhub stop response: 
12:01:10.706 [Thread-0] DEBUG com.browserstack.testOps.UsageStats - getFormattedData: Collecting data for TestObservability
12:01:10.707 [Thread-0] DEBUG com.browserstack.testOps.UsageStats - getEventStats: Getting event data for TestObservability
12:01:10.715 [Thread-0] DEBUG com.browserstack.testOps.UsageStats - [OBSERVABILITY] Failed to parse data from workers
12:01:10.795 [Thread-0] DEBUG c.b.utils.FunnelInstrumentation - Sending funnel data for SDKTestSuccessful with data: {"event_type":"SDKTestSuccessful","accessKey":"P3pYBxyo5M83JkXUppxg","userName":"daniel_Yqbm85","event_properties":{"product":"[app-automate, observability]","buildName":"browserstack-build-1","globalException":"Initialization of BrowserStack Local failed Could not connect to local.browserstack.com due to Network issues. Please check your internet connection or if you are behind proxy please use our proxy options. For more details https:\/\/www.browserstack.com\/local-testing#modifiers.","os":"Windows 11","languageVersion":"17.0.9","appiumVersion":"7.5.1","frameworkDetectionInstrumentation":{"parseLoadClass":4,"parseDependencies":28},"language":"java","sdkRunId":"20e0fb6b-0f36-4eef-8d02-442e789a605c","buildIdentifier":"#16","userFramework":"testng","testhub_uuid":"wbkqkchxfsl48iawdv45fubbxawuv0ketcezyswz","detectedAppiumVersion":"null","detectedDependencies":"testng","productMap":{"app_automate":true,"accessibility":false,"automate":false,"percy":false,"observability":true},"referrer":"testng-javaagent\/1.21.0","hostname":"LAPTOP-MCPEJCJM","language_framework":"java_testng","detectedFramework":"testng","productUsage":{"testObservability":{"buildHashedId":"wbkqkchxfsl48iawdv45fubbxawuv0ketcezyswz","manuallySet":false,"enabled":true,"events":{"hookEvents":{"started":{"errors":[],"sentCount":0,"triggeredCount":0,"failedCount":0},"finished":{"triggeredCount":0,"failedCount":0,"errors":[],"sentCount":0}},"logEvents":{"errors":[],"sentCount":0,"triggeredCount":0,"failedCount":0},"testEvents":{"started":{"errors":[],"sentCount":0,"triggeredCount":0,"failedCount":0},"finished":{"triggeredCount":0,"failedCount":0,"errors":[],"sentCount":0}},"batchEvents":{"triggeredCount":0,"failedCount":0,"errors":[],"sentCount":0},"cbtSessionEvents":{"errors":[],"sentCount":0,"triggeredCount":0,"failedCount":0},"buildEvents":{"started":{"error":null,"triggered":true,"status":"success"},"finished":{"error":null,"triggered":true,"status":"success"}}}}},"detectedSeleniumVersion":"3.141.59","browserStackConfig":{"browserstackLocal":true,"percy":false,"logLevel":"info","staticWebDriver":true,"autoDetectFramework":true,"percyCaptureMode":"MANUAL","browserStackLocalOptions":{"localIdentifier":"15_אוק׳_120_LAPTOP_MCPEJCJM_nfky","key":"****"},"percyOptions":null,"testContextOptions":{"serenityOverridePlugin":false,"skipSessionStatus":false,"skipSessionName":false},"platforms":[{"capabilities":{"platformVersion":12.0,"platformName":"android","deviceName":"Samsung Galaxy S22 Ultra"},"osVersion":null,"browser":null,"browserVersion":null,"device":"Samsung Galaxy S22 Ultra","os":null,"platformCaps":{"platformVersion":12.0,"platformName":"android","deviceName":"Samsung Galaxy S22 Ultra"},"platformString":"Samsung Galaxy S22 Ultra, 12.0","customVariables":"****"},{"capabilities":{"platformVersion":13.0,"platformName":"android","deviceName":"Google Pixel 7 Pro"},"osVersion":null,"browser":null,"browserVersion":null,"device":"Google Pixel 7 Pro","os":null,"platformCaps":{"platformVersion":13.0,"platformName":"android","deviceName":"Google Pixel 7 Pro"},"platformString":"Google Pixel 7 Pro, 13.0","customVariables":"****"},{"capabilities":{"platformVersion":11.0,"platformName":"android","deviceName":"OnePlus 9"},"osVersion":null,"browser":null,"browserVersion":null,"device":"OnePlus 9","os":null,"platformCaps":{"platformVersion":11.0,"platformName":"android","deviceName":"OnePlus 9"},"platformString":"OnePlus 9, 11.0","customVariables":"****"}],"parallelsPerPlatform":null,"framework":"testng","accessibility":false,"accessibilityOptions":{},"turboScaleOptions":{},"disableAutoCaptureLogs":true,"testObservability":true,"browserstackAutomation":true,"turboScale":false,"testObservabilityOptions":{},"gradleMConfig":null,"proxySettings":null},"seleniumVersion":"3.141.59"}}
12:01:11.150 [Thread-0] DEBUG c.b.utils.FunnelInstrumentation - API Event SDKTestSuccessful response - {"message":"SDK Event recorded successfully"}
12:01:13.673 [Thread-0] DEBUG c.browserstack.utils.UtilityMethods - Browserstack Gradle-M Config File does not exist.
12:04:54.432 [main] DEBUG c.b.config.BrowserStackConfig - Cli Config passed - {}
12:04:54.875 [main] DEBUG c.b.logger.BrowserstackLoggerFactory - Log Level set to TRACE for logger com.browserstack
12:04:54.875 [main] DEBUG c.b.logger.BrowserstackLoggerFactory - Log Level set to INFO for logger stdoutPrinter
12:04:55.092 [main] DEBUG c.b.utils.FrameworkDetectionUtils - Java command - com.intellij.rt.testng.RemoteTestNGStarter -usedefaultlisteners false -socket61932 @w@C:\Users\DANIEL~1\AppData\Local\Temp\idea_working_dirs_testng1.tmp -temp C:\Users\DANIEL~1\AppData\Local\Temp\idea_testng1.tmp
12:04:55.092 [main] DEBUG c.b.utils.FrameworkDetectionUtils - Test classes detected: 
12:04:55.117 [main] DEBUG c.b.utils.FrameworkDetectionUtils - Runner: testng, Engine: none
12:04:55.165 [main] DEBUG c.b.utils.FrameworkDetectionUtils - Runner: testng, Engine: none from dependencies
12:04:55.165 [main] DEBUG c.b.utils.FrameworkDetectionUtils - Detected final framework as: testng
12:04:55.165 [main] DEBUG c.browserstack.BrowserStackJavaAgent - JavaAgent Version 1.21.0
12:04:55.169 [main] DEBUG c.b.utils.ExitSignalHandler - Registered handler for INT
12:04:55.169 [main] DEBUG c.b.utils.ExitSignalHandler - Registered handler for TERM
12:04:55.169 [main] DEBUG c.b.utils.ExitSignalHandler - Unable to attach signal handler for HUP Unknown signal: HUP
12:04:55.169 [main] DEBUG c.b.utils.ExitSignalHandler - Registered handler for ABRT
12:04:55.971 [Thread-1] DEBUG c.browserstack.utils.UtilityMethods - NEXT HUBS ARE: ["hub-euw.browserstack.com","hub-use.browserstack.com","hub-aps.browserstack.com"]
12:04:56.475 [main] DEBUG c.browserstack.utils.UtilityMethods - EXECUTION TIME OF hub-euw.browserstack.com HUB IS: 497ms
12:04:57.822 [main] DEBUG c.browserstack.utils.UtilityMethods - EXECUTION TIME OF hub-use.browserstack.com HUB IS: 1337ms
12:04:58.953 [main] DEBUG c.browserstack.utils.UtilityMethods - EXECUTION TIME OF hub-aps.browserstack.com HUB IS: 1128ms
12:04:58.970 [main] DEBUG c.browserstack.utils.UtilityMethods - NEAREST HUB ALLOCATED IS - hub-euw.browserstack.com
12:04:59.003 [main] DEBUG c.b.utils.FunnelInstrumentation - Sending funnel data for SDKTestAttempted with data: {"event_type":"SDKTestAttempted","accessKey":"P3pYBxyo5M83JkXUppxg","userName":"daniel_Yqbm85","event_properties":{"product":"[app-automate, observability]","buildName":"browserstack-build-1","os":"Windows 11","languageVersion":"17.0.9","appiumVersion":"7.5.1","frameworkDetectionInstrumentation":{"parseLoadClass":23,"parseDependencies":48},"language":"java","sdkRunId":"fe604412-a8c6-4f13-811d-c2924c49c3af","buildIdentifier":"#17","userFramework":"testng","testhub_uuid":"","detectedAppiumVersion":"null","detectedDependencies":"testng","productMap":{"app_automate":true,"accessibility":false,"automate":false,"percy":false,"observability":true},"referrer":"testng-javaagent\/1.21.0","hostname":"LAPTOP-MCPEJCJM","language_framework":"java_testng","detectedFramework":"testng","detectedSeleniumVersion":"3.141.59","seleniumVersion":"3.141.59"}}
12:04:59.592 [main] DEBUG c.b.utils.FunnelInstrumentation - API Event SDKTestAttempted response - {"message":"SDK Event recorded successfully"}
12:04:59.882 [main] DEBUG c.browserstack.testOps.RequestUtils - [ TESTHUB ] Processing Request Kind launchTestSession
12:04:59.882 [main] DEBUG c.browserstack.testOps.RequestUtils - [requestToTestOps] Sending Observability request: POST api/v2/builds with request size 1170
12:05:00.534 [main] DEBUG c.browserstack.testOps.RequestUtils - requestToTestOps: Response code: 200
12:05:00.536 [main] DEBUG com.browserstack.testOps.Listener - BROWSERSTACK_TESTHUB_UUID : 3vpdlu4rglr8a6xahiyznhoicqloehjthfmxdlu6
12:05:00.536 [main] DEBUG com.browserstack.testOps.Listener - [ TESTHUB ] Build creation successfull
12:05:00.562 [main] DEBUG com.browserstack.LocalFactory - Starting BrowserStack Local with identifier 15_אוק׳_124_LAPTOP_MCPEJCJM_toYY
12:05:06.457 [Thread-0] DEBUG c.browserstack.BrowserStackJavaAgent - Starting final execution
12:05:06.458 [Thread-0] DEBUG c.b.u.ObservabilityUtilityMethods - Processing batch requests with type: Global
12:05:06.459 [Thread-0] DEBUG c.browserstack.testOps.RequestUtils - [ TESTHUB ] Processing Request Kind stopBuildUpstream
12:05:06.459 [Thread-0] DEBUG c.browserstack.testOps.RequestUtils - [requestToTestOps] Sending Observability request: PUT api/v1/builds/3vpdlu4rglr8a6xahiyznhoicqloehjthfmxdlu6/stop with request size 65
12:05:06.645 [Thread-0] DEBUG c.browserstack.testOps.RequestUtils - requestToTestOps: Response code: 200
12:05:06.645 [Thread-0] DEBUG com.browserstack.testOps.Listener - Testhub stop response: 
12:05:06.655 [Thread-0] DEBUG com.browserstack.testOps.UsageStats - getFormattedData: Collecting data for TestObservability
12:05:06.655 [Thread-0] DEBUG com.browserstack.testOps.UsageStats - getEventStats: Getting event data for TestObservability
12:05:06.663 [Thread-0] DEBUG com.browserstack.testOps.UsageStats - [OBSERVABILITY] Failed to parse data from workers
12:05:06.737 [Thread-0] DEBUG c.b.utils.FunnelInstrumentation - Sending funnel data for SDKTestSuccessful with data: {"event_type":"SDKTestSuccessful","accessKey":"P3pYBxyo5M83JkXUppxg","userName":"daniel_Yqbm85","event_properties":{"product":"[app-automate, observability]","buildName":"browserstack-build-1","globalException":"Initialization of BrowserStack Local failed Could not connect to local.browserstack.com due to Network issues. Please check your internet connection or if you are behind proxy please use our proxy options. For more details https:\/\/www.browserstack.com\/local-testing#modifiers.","os":"Windows 11","languageVersion":"17.0.9","appiumVersion":"7.5.1","frameworkDetectionInstrumentation":{"parseLoadClass":23,"parseDependencies":48},"language":"java","sdkRunId":"fe604412-a8c6-4f13-811d-c2924c49c3af","buildIdentifier":"#17","userFramework":"testng","testhub_uuid":"3vpdlu4rglr8a6xahiyznhoicqloehjthfmxdlu6","detectedAppiumVersion":"null","detectedDependencies":"testng","productMap":{"app_automate":true,"accessibility":false,"automate":false,"percy":false,"observability":true},"referrer":"testng-javaagent\/1.21.0","hostname":"LAPTOP-MCPEJCJM","language_framework":"java_testng","detectedFramework":"testng","productUsage":{"testObservability":{"buildHashedId":"3vpdlu4rglr8a6xahiyznhoicqloehjthfmxdlu6","manuallySet":false,"enabled":true,"events":{"hookEvents":{"started":{"errors":[],"failedCount":0,"triggeredCount":0,"sentCount":0},"finished":{"triggeredCount":0,"failedCount":0,"errors":[],"sentCount":0}},"logEvents":{"errors":[],"failedCount":0,"triggeredCount":0,"sentCount":0},"testEvents":{"started":{"errors":[],"failedCount":0,"triggeredCount":0,"sentCount":0},"finished":{"triggeredCount":0,"failedCount":0,"errors":[],"sentCount":0}},"batchEvents":{"triggeredCount":0,"failedCount":0,"errors":[],"sentCount":0},"cbtSessionEvents":{"errors":[],"failedCount":0,"triggeredCount":0,"sentCount":0},"buildEvents":{"started":{"error":null,"status":"success","triggered":true},"finished":{"error":null,"status":"success","triggered":true}}}}},"detectedSeleniumVersion":"3.141.59","browserStackConfig":{"browserstackLocal":true,"percy":false,"logLevel":"info","staticWebDriver":true,"autoDetectFramework":true,"percyCaptureMode":"MANUAL","browserStackLocalOptions":{"localIdentifier":"15_אוק׳_124_LAPTOP_MCPEJCJM_toYY","key":"****"},"percyOptions":null,"testContextOptions":{"skipSessionName":false,"serenityOverridePlugin":false,"skipSessionStatus":false},"platforms":[{"browserVersion":null,"browser":null,"device":"Samsung Galaxy S22 Ultra","capabilities":{"platformVersion":12.0,"platformName":"android","deviceName":"Samsung Galaxy S22 Ultra"},"platformCaps":{"platformVersion":12.0,"platformName":"android","deviceName":"Samsung Galaxy S22 Ultra"},"os":null,"osVersion":null,"platformString":"Samsung Galaxy S22 Ultra, 12.0","customVariables":"****"},{"browserVersion":null,"browser":null,"device":"Google Pixel 7 Pro","capabilities":{"platformVersion":13.0,"platformName":"android","deviceName":"Google Pixel 7 Pro"},"platformCaps":{"platformVersion":13.0,"platformName":"android","deviceName":"Google Pixel 7 Pro"},"os":null,"osVersion":null,"platformString":"Google Pixel 7 Pro, 13.0","customVariables":"****"},{"browserVersion":null,"browser":null,"device":"OnePlus 9","capabilities":{"platformVersion":11.0,"platformName":"android","deviceName":"OnePlus 9"},"platformCaps":{"platformVersion":11.0,"platformName":"android","deviceName":"OnePlus 9"},"os":null,"osVersion":null,"platformString":"OnePlus 9, 11.0","customVariables":"****"}],"parallelsPerPlatform":null,"framework":"testng","accessibility":false,"accessibilityOptions":{},"turboScaleOptions":{},"disableAutoCaptureLogs":true,"testObservability":true,"browserstackAutomation":true,"turboScale":false,"testObservabilityOptions":{},"gradleMConfig":null,"proxySettings":null},"seleniumVersion":"3.141.59"}}
12:05:07.086 [Thread-0] DEBUG c.b.utils.FunnelInstrumentation - API Event SDKTestSuccessful response - {"message":"SDK Event recorded successfully"}
12:05:09.710 [Thread-0] DEBUG c.browserstack.utils.UtilityMethods - Browserstack Gradle-M Config File does not exist.
